FUID,Number_of_Occurrences,Platforms,Platform_Count
FUID-UNKNO:00346-0000-00,440,AZURE,1
FUID-COGNO:01048-56318-00,12,AZURE,1
FUID-APPS4:00107-26759-2204,7,AZURE,1
FUID-KCLOU:02068-35115-00,6,AZURE,1
FUID-KCLOU:02068-33448-00,6,AZURE,1
FUID-KCLOU:02068-35236-00,6,AZURE,1
FUID-KCLOU:02068-27125-00,6,AZURE,1
FUID-KCLOU:02068-35153-00,6,AZURE,1
FUID-COGNO:01048-7689-latest,6,AZURE,1
FUID-KCLOU:02068-33829-00,6,AZURE,1
FUID-KCLOU:02068-43598-00,5,AZURE,1
FUID-AMAZO:02462-19971-00,5,AWS,1
FUID-REDHA:01014-6801-00,5,"AWS, AZURE, GCP",3
FUID-KCLOU:02068-43909-00,5,AZURE,1
FUID-COGNO:01048-64932-22.04,5,AZURE,1
FUID-KCLOU:02068-36219-00,5,AZURE,1
FUID-KCLOU:02068-43815-00,5,AZURE,1
FUID-PCLOU:00218-33964-00,5,AZURE,1
FUID-AMAZO:02462-22643-00,5,AWS,1
FUID-KCLOU:02068-36465-00,5,AZURE,1
FUID-KCLOU:02068-33320-00,5,AZURE,1
FUID-EGNYT:01538-4472-00,5,"AWS, AZURE, GCP",3
FUID-KCLOU:02068-59616-00,5,AZURE,1
FUID-KCLOU:02068-34011-00,5,AZURE,1
FUID-KCLOU:02068-33185-00,5,AZURE,1
FUID-CORAL:01438-4154-00,5,"AWS, AZURE, GCP",3
FUID-KCLOU:02068-26837-00,5,AZURE,1
FUID-COGNO:01048-46276-22.04,5,AZURE,1
FUID-ATHIN:02588-17587-00,5,"AWS, AZURE",2
FUID-KCLOU:02068-57608-00,5,AZURE,1
FUID-KCLOU:02068-35656-00,5,AZURE,1
FUID-KCLOU:02068-26737-00,5,AZURE,1
FUID-KCLOU:02068-43666-00,5,AZURE,1
FUID-KCLOU:02068-33904-00,5,AZURE,1
FUID-PCLOU:00218-34271-00,5,AZURE,1
FUID-AMAZO:02462-22615-00,5,AWS,1
FUID-KCLOU:02068-43582-00,5,AZURE,1
FUID-KCLOU:02068-35012-00,5,AZURE,1
FUID-AMAZO:02462-22692-00,5,AWS,1
FUID-KCLOU:02068-34735-00,5,AZURE,1
FUID-KCLOU:02068-33313-00,5,AZURE,1
FUID-KCLOU:02068-33727-00,5,AZURE,1
FUID-REDHA:01014-4075-00,5,"AWS, AZURE, GCP",3
FUID-DATAD:01617-8941-00,5,"AWS, AZURE",2
FUID-AMAZO:02462-22736-00,5,AWS,1
FUID-KCLOU:02068-57617-00,5,AZURE,1
FUID-KCLOU:02068-27469-00,5,AZURE,1
FUID-REDHA:01014-6861-00,5,"AWS, AZURE, GCP",3
FUID-DARWI:08921-36721-00,5,AZURE,1
FUID-KCLOU:02068-27078-00,5,AZURE,1
FUID-KCLOU:02068-57630-00,5,AZURE,1
FUID-PCLOU:00218-26822-00,4,AZURE,1
FUID-KCLOU:02068-33509-00,4,AZURE,1
FUID-PCLOU:00218-33654-00,4,AZURE,1
FUID-KCLOU:02068-43760-00,4,AZURE,1
FUID-SALTS:01863-6168-00,4,"AWS, AZURE, GCP",3
FUID-KCLOU:02068-57475-00,4,AZURE,1
FUID-ATHIN:02588-42153-00,4,AZURE,1
FUID-PCLOU:00218-42658-00,4,AZURE,1
FUID-KCLOU:02068-44426-00,4,AZURE,1
FUID-ATHIN:02588-35053-00,4,"AWS, AZURE",2
FUID-PCLOU:00218-61684-00,4,AZURE,1
FUID-WHIZ:04727-54953-8,4,AZURE,1
FUID-PCLOU:00218-59620-00,4,AZURE,1
FUID-PCLOU:00218-33561-00,4,AZURE,1
FUID-DYNAT:00592-26965-00,4,AZURE,1
FUID-KCLOU:02068-62288-00,4,AZURE,1
FUID-PCLOU:00218-33105-00,4,AZURE,1
FUID-ATHIN:02588-33809-00,4,"AWS, AZURE",2
FUID-PCLOU:00218-36318-00,4,AZURE,1
FUID-PCLOU:00218-35248-00,4,AZURE,1
FUID-INFRA:00476-34284-00,4,AZURE,1
FUID-PCLOU:00218-33833-00,4,AZURE,1
FUID-KCLOU:02068-57470-00,4,AZURE,1
FUID-NEO4J:00397-0599-00,4,"AWS, AZURE, GCP",3
FUID-KCLOU:02068-57538-00,4,AZURE,1
FUID-ATHIN:02588-26403-00,4,AZURE,1
FUID-KCLOU:02068-57463-00,4,AZURE,1
FUID-AMAZO:02462-22614-00,4,AWS,1
FUID-PULUM:01681-5103-00,4,"AWS, AZURE, GCP",3
FUID-KCLOU:02068-57461-00,4,AZURE,1
FUID-PCLOU:00218-34321-00,4,AZURE,1
FUID-ATHIN:02588-32245-00,4,"AWS, AZURE",2
FUID-AMAZO:02462-22639-00,4,AWS,1
FUID-INFOR:00496-1953-00,4,"AWS, AZURE, GCP",3
FUID-PCLOU:00218-34231-00,4,AZURE,1
FUID-PCLOU:00218-33687-00,4,AZURE,1
FUID-PCLOU:00218-61838-00,4,AZURE,1
FUID-ATHIN:02588-33387-00,4,AZURE,1
FUID-PCLOU:00218-27085-00,4,AZURE,1
FUID-PCLOU:00218-33630-00,4,AZURE,1
FUID-AMAZO:02462-22647-00,4,AWS,1
FUID-PCLOU:00218-34073-00,4,AZURE,1
FUID-PCLOU:00218-33866-00,4,AZURE,1
FUID-ATHIN:02588-30662-00,4,"AWS, AZURE",2
FUID-KCLOU:02068-34508-00,4,AZURE,1
FUID-COGNO:01048-64508-14,4,AZURE,1
FUID-KCLOU:02068-33196-00,4,AZURE,1
FUID-PCLOU:00218-61798-00,4,AZURE,1
FUID-PCLOU:00218-59542-00,4,AZURE,1
FUID-PCLOU:00218-26701-00,4,AZURE,1
FUID-PCLOU:00218-59560-00,4,AZURE,1
FUID-AQUER:14559-61165-00,4,AZURE,1
FUID-OUTER:01940-6425-00,4,"AWS, AZURE, GCP",3
FUID-KCLOU:02068-43371-00,4,AZURE,1
FUID-BCLOU:00337-2374-00,4,"AZURE, GCP",2
FUID-KCLOU:02068-34045-00,4,AZURE,1
FUID-WEKA:00640-1152-00,4,"AWS, AZURE, GCP",3
FUID-PCLOU:00218-26930-00,4,AZURE,1
FUID-REDHA:01014-6844-00,4,"AWS, AZURE",2
FUID-PCLOU:00218-33918-00,4,AZURE,1
FUID-TANIU:01560-5765-00,4,"AWS, AZURE, GCP",3
FUID-KCLOU:02068-35509-00,4,AZURE,1
FUID-KCLOU:02068-34701-00,4,AZURE,1
FUID-PCLOU:00218-43627-00,4,AZURE,1
FUID-CYCOD:01406-3970-00,4,"AWS, AZURE, GCP",3
FUID-PCLOU:00218-0286-00,4,AZURE,1
FUID-AMAZO:02462-19981-00,4,AWS,1
FUID-KCLOU:02068-34734-00,4,AZURE,1
FUID-KCLOU:02068-33989-00,4,AZURE,1
FUID-PCLOU:00218-44068-00,4,AZURE,1
FUID-INFRA:00476-42442-00,4,AZURE,1
FUID-KCLOU:02068-59693-00,4,AZURE,1
FUID-KCLOU:02068-59692-00,4,AZURE,1
FUID-REDHA:01014-7998-00,4,"AWS, AZURE",2
FUID-PCLOU:00218-59659-00,4,AZURE,1
FUID-KCLOU:02068-7118-00,4,AZURE,1
FUID-PHILT:00970-2241-00,4,"AWS, AZURE, GCP",3
FUID-PCLOU:00218-59672-00,4,AZURE,1
FUID-COGNO:01048-33467-8.3,4,AZURE,1
FUID-ANAPL:00816-1643-00,4,"AWS, AZURE, GCP",3
FUID-COGNO:07432-30602-24x7,4,AWS,1
FUID-PCLOU:00218-59666-00,4,AZURE,1
FUID-KCLOU:02068-33930-00,4,AZURE,1
FUID-COGNO:01048-67937-00,4,AZURE,1
FUID-APPS4:00107-55778-87,4,AZURE,1
FUID-JINA:01884-6288-3,3,"AWS, AZURE, GCP",3
FUID-ESRI:02595-8257-00,3,"AWS, AZURE",2
FUID-INFRA:00476-35008-00,3,AZURE,1
FUID-PCLOU:00218-61851-00,3,AZURE,1
FUID-HIDDE:01897-6313-00,3,"AWS, AZURE, GCP",3
FUID-VELLU:01915-6348-00,3,"AWS, AZURE, GCP",3
FUID-SPEKT:00919-2053-00,3,"AZURE, GCP",2
FUID-INFOB:01337-3709-00,3,"AWS, AZURE, GCP",3
FUID-ATEME:01827-5963-00,3,"AWS, AZURE, GCP",3
FUID-EVERG:01832-5970-00,3,"AWS, AZURE, GCP",3
FUID-MONGO:00639-2007-00,3,"AWS, AZURE, GCP",3
FUID-GYTPO:01581-4601-00,3,"AWS, AZURE, GCP",3
FUID-CISCO:01191-3696-00,3,"AWS, AZURE, GCP",3
FUID-AMAZO:02462-22707-00,3,AWS,1
FUID-DAGST:00906-1994-00,3,"AWS, AZURE, GCP",3
FUID-SOUTH:00688-1817-00,3,"AWS, AZURE, GCP",3
FUID-PCLOU:00218-34266-00,3,AZURE,1
FUID-JINA:01884-6341-2,3,"AWS, AZURE, GCP",3
FUID-AVIAT:00363-4590-00,3,"AWS, AZURE, GCP",3
FUID-REDHA:01014-20481-00,3,"AWS, AZURE",2
FUID-A10NE:01174-4586-10,3,"AWS, AZURE, GCP",3
FUID-A10NE:01174-4567-1,3,"AWS, AZURE, GCP",3
FUID-NVIDI:00356-2023-00,3,"AWS, AZURE, GCP",3
FUID-ARIZE:00736-1397-00,3,"AWS, AZURE, GCP",3
FUID-STRII:00547-1771-00,3,"AWS, AZURE, GCP",3
FUID-INFOV:01399-3927-00,3,"AWS, AZURE, GCP",3
FUID-AMAZO:02462-22751-00,3,AWS,1
FUID-RELTI:00725-1361-00,3,"AWS, AZURE, GCP",3
FUID-PCLOU:00218-61836-00,3,AZURE,1
FUID-ADVER:00866-1827-00,3,"AWS, AZURE, GCP",3
FUID-CLUTC:01578-4592-00,3,"AWS, AZURE, GCP",3
FUID-CISCO:01191-7870-00,3,"AWS, AZURE",2
FUID-BCLOU:00337-4670-00,3,"AZURE, GCP",2
FUID-PCLOU:00218-36135-00,3,AZURE,1
FUID-COGNO:01048-64990-00,3,AZURE,1
FUID-JINA:01884-6335-2,3,"AWS, AZURE, GCP",3
FUID-PCLOU:00218-34422-00,3,AZURE,1
FUID-PCLOU:00218-34152-00,3,AZURE,1
FUID-BLACK:01818-5940-00,3,"AWS, AZURE, GCP",3
FUID-PCLOU:00218-27462-00,3,AZURE,1
FUID-PCLOU:00218-36179-00,3,AZURE,1
FUID-BITNA:00344-6219-00,3,"AZURE, GCP",2
FUID-KCLOU:02068-62947-00,3,AZURE,1
FUID-BUILD:12317-49794-00,3,AZURE,1
FUID-ELMCO:00538-1874-00,3,"AWS, AZURE, GCP",3
FUID-THORO:01268-3547-00,3,"AWS, AZURE, GCP",3
FUID-HIDDE:01897-6441-00,3,"AWS, AZURE, GCP",3
FUID-KCLOU:02068-34414-00,3,AZURE,1
FUID-BCLOU:00337-4161-00,3,"AZURE, GCP",2
FUID-AMAZO:02462-22773-00,3,AWS,1
FUID-PCLOU:00218-35018-00,3,AZURE,1
FUID-BCLOU:00337-56983-00,3,AZURE,1
FUID-ZSCAL:01537-4582-00,3,"AWS, AZURE, GCP",3
FUID-DENOD:00525-1132-9,3,"AWS, AZURE, GCP",3
FUID-HAMME:01364-3788-00,3,"AWS, AZURE, GCP",3
FUID-UNQOR:01628-4760-00,3,"AWS, AZURE, GCP",3
FUID-NETAP:00376-1979-00,3,"AWS, AZURE, GCP",3
FUID-REBLA:01183-6298-00,3,"AWS, AZURE, GCP",3
FUID-UIPAT:01087-3037-00,3,"AWS, AZURE, GCP",3
FUID-FUTUR:00088-4599-00,3,"AWS, AZURE, GCP",3
FUID-CERBY:09651-38995-00,3,"AWS, AZURE",2
FUID-CHRON:09746-39367-00,3,"AWS, AZURE",2
FUID-CAST:00774-2041-00,3,"AWS, AZURE, GCP",3
FUID-NEO4J:00397-6263-00,3,"AWS, AZURE, GCP",3
FUID-PCLOU:00218-34228-00,3,AZURE,1
FUID-ATHIN:02588-34138-00,3,AZURE,1
FUID-PCLOU:00218-34203-00,3,AZURE,1
FUID-TRANS:01583-4605-00,3,"AWS, AZURE, GCP",3
FUID-ATHIN:02588-34327-00,3,AZURE,1
FUID-PCLOU:00218-33711-00,3,AZURE,1
FUID-ATHIN:02588-34533-00,3,AZURE,1
FUID-KOMOD:01625-4756-00,3,"AWS, AZURE, GCP",3
FUID-PCLOU:00218-27222-00,3,AZURE,1
FUID-HITAC:02540-7944-00,3,"AWS, AZURE",2
FUID-BIGID:00726-2290-00,3,"AWS, AZURE, GCP",3
FUID-KENTI:00624-1089-00,3,"AWS, AZURE, GCP",3
FUID-SUSE:00378-6151-00,3,"AWS, AZURE, GCP",3
FUID-KCLOU:02068-33555-00,3,AZURE,1
FUID-DATAD:00057-0168-00,3,"AWS, AZURE, GCP",3
FUID-PCLOU:00218-36197-00,3,AZURE,1
FUID-ZSCAL:01537-4611-00,3,"AWS, AZURE, GCP",3
FUID-KCLOU:02068-61592-00,3,AZURE,1
FUID-MICRO:01554-43078-00,3,AZURE,1
FUID-ATHIN:02588-27408-00,3,AZURE,1
FUID-KCLOU:02068-26629-00,3,AZURE,1
FUID-KCLOU:02068-34125-00,3,AZURE,1
FUID-CRUNC:01760-5572-00,3,"AWS, AZURE, GCP",3
FUID-BITNA:00344-5708-00,3,"AZURE, GCP",2
FUID-BITNA:00344-4051-00,3,"AZURE, GCP",2
FUID-KCLOU:02068-61617-00,3,AZURE,1
FUID-AMAZO:02462-22588-00,3,AWS,1
FUID-PCLOU:00218-59716-00,3,AZURE,1
FUID-PCLOU:00218-59660-00,3,AZURE,1
FUID-PCLOU:00218-59651-00,3,AZURE,1
FUID-SONAT:04759-20146-00,3,"AWS, AZURE",2
FUID-PCLOU:00218-44463-00,3,AZURE,1
FUID-JINA:01884-6463-m0,3,"AWS, AZURE, GCP",3
FUID-PCLOU:00218-61880-00,3,AZURE,1
FUID-JINA:01884-6493-2,3,"AWS, AZURE, GCP",3
FUID-SOFTS:01867-6194-00,3,"AWS, AZURE, GCP",3
FUID-ADAPT:01761-5672-00,3,"AWS, AZURE, GCP",3
FUID-PCLOU:00218-36035-00,3,AZURE,1
FUID-KCLOU:02068-44498-00,3,AZURE,1
FUID-COMMU:00167-0201-00,3,"AWS, AZURE, GCP",3
FUID-TURBO:00718-1346-00,3,"AWS, AZURE, GCP",3
FUID-VIDBY:15055-56737-00,3,AZURE,1
FUID-PCLOU:00218-59670-00,3,AZURE,1
FUID-KCLOU:02068-36220-00,3,AZURE,1
FUID-COGNO:01048-67349-22.04,3,AZURE,1
FUID-ATHIN:02588-34117-00,3,AZURE,1
FUID-HOSST:00723-4054-00,3,"AWS, AZURE, GCP",3
FUID-KYVOS:00567-0954-00,3,"AWS, AZURE, GCP",3
FUID-BITNA:00344-4035-00,3,"AZURE, GCP",2
FUID-KCLOU:02068-59657-00,3,AZURE,1
FUID-SYSDI:01640-4840-00,3,"AWS, AZURE, GCP",3
FUID-ATHIN:02588-40710-00,3,"AWS, AZURE",2
FUID-DATAF:00192-0245-00,3,"AWS, AZURE, GCP",3
FUID-OPENS:01226-3464-00,3,"AWS, AZURE, GCP",3
FUID-CAST:00774-4110-00,3,"AWS, AZURE, GCP",3
FUID-ARIST:01185-3728-00,3,"AWS, AZURE, GCP",3
FUID-HOSST:00723-2284-00,3,"AWS, AZURE, GCP",3
FUID-AODN:05359-23928-1,3,AWS,1
FUID-A10NE:01174-4627-00,3,"AWS, AZURE, GCP",3
FUID-AEROS:00469-0723-00,3,"AWS, GCP",2
FUID-ADDVA:00181-0228-00,3,"AWS, AZURE",2
FUID-MINDB:00751-1448-10,3,"AWS, AZURE, GCP",3
FUID-KCLOU:02068-59621-00,3,AZURE,1
FUID-ATHIN:02588-27327-00,3,AZURE,1
FUID-DATAG:08823-36234-00,3,"AWS, AZURE",2
FUID-UPSTR:01599-4645-00,3,"AWS, AZURE, GCP",3
FUID-LITES:01057-2962-00,3,"AWS, AZURE, GCP",3
FUID-REDHA:01014-14330-00,3,"AWS, AZURE",2
FUID-NEXTU:00612-1197-00,3,"AWS, AZURE, GCP",3
FUID-KCLOU:02068-27329-00,3,AZURE,1
FUID-EPAM:00672-4841-00,3,"AWS, AZURE, GCP",3
FUID-ONEST:08737-35674-00,3,AZURE,1
FUID-CAUSA:00699-1305-00,3,"AWS, AZURE, GCP",3
FUID-KINAX:00829-1702-00,3,"AZURE, GCP",2
FUID-INFRA:00476-8064-00,3,"AWS, AZURE",2
FUID-DATAS:00447-2338-00,3,"AWS, AZURE, GCP",3
FUID-HOSST:00723-2340-00,3,"AWS, AZURE, GCP",3
FUID-KCLOU:02068-36474-00,3,AZURE,1
FUID-PCLOU:00218-63011-00,3,AZURE,1
FUID-TYPED:01007-2345-00,3,"AWS, AZURE, GCP",3
FUID-QDRAN:01008-2346-00,3,"AWS, AZURE, GCP",3
FUID-PREFE:01009-2347-00,3,"AWS, AZURE, GCP",3
FUID-INFRA:00476-42303-00,3,AZURE,1
FUID-PCLOU:00218-34044-00,3,AZURE,1
FUID-REDHA:01014-6142-00,3,"AWS, GCP",2
FUID-BCLOU:00337-34042-00,3,AZURE,1
FUID-ATHIN:02588-30627-00,3,"AWS, AZURE",2
FUID-KCLOU:02068-34486-00,3,AZURE,1
FUID-KCLOU:02068-36554-00,3,AZURE,1
FUID-ELMCO:00538-4725-00,3,"AWS, AZURE, GCP",3
FUID-BCLOU:00337-34882-00,3,AZURE,1
FUID-AODN:05359-25283-00,3,AWS,1
FUID-ALKIR:01530-4451-00,3,"AWS, AZURE, GCP",3
FUID-HEWLE:00464-4874-00,3,"AWS, AZURE, GCP",3
FUID-BCLOU:00337-34001-00,3,AZURE,1
FUID-THORN:01189-4517-00,3,"AWS, GCP",2
FUID-NVIDI:00356-5430-22.04,3,"AWS, AZURE, GCP",3
FUID-PCLOU:00218-42227-00,3,AZURE,1
FUID-CLICK:00695-1299-00,3,"AWS, AZURE, GCP",3
FUID-PCLOU:00218-35109-00,3,AZURE,1
FUID-A10NE:01174-4513-5,3,"AWS, AZURE, GCP",3
FUID-BCLOU:00337-33039-00,3,AZURE,1
FUID-DECYP:00369-4448-5,3,"AWS, AZURE, GCP",3
FUID-OPTIM:15650-64658-00,3,AZURE,1
FUID-KCLOU:02068-26519-00,3,AZURE,1
FUID-EDGEL:01734-5445-00,3,"AWS, AZURE, GCP",3
FUID-SOUTH:00688-5449-00,3,"AWS, AZURE, GCP",3
FUID-SOUTH:00688-5440-00,3,"AWS, AZURE, GCP",3
FUID-PCLOU:00218-34010-00,3,AZURE,1
FUID-LITES:01057-2917-00,3,"AWS, AZURE, GCP",3
FUID-PCLOU:00218-33865-00,3,AZURE,1
FUID-HOSST:00723-3333-00,3,"AWS, AZURE, GCP",3
FUID-KCLOU:02068-33172-00,3,AZURE,1
FUID-DATAT:00283-0380-00,3,"AWS, AZURE, GCP",3
FUID-PCLOU:00218-33834-00,3,AZURE,1
FUID-COGNO:01048-43903-00,3,AZURE,1
FUID-F5:01411-5169-00,3,"AWS, AZURE, GCP",3
FUID-PCLOU:00218-34062-00,3,AZURE,1
FUID-KCLOU:02068-63097-00,3,AZURE,1
FUID-CODER:01694-5248-00,3,"AWS, GCP",2
FUID-HCLSO:03156-34789-00,3,"AWS, AZURE",2
FUID-WALLA:01534-4953-00,3,"AWS, AZURE, GCP",3
FUID-SOUTH:00688-1284-00,3,"AWS, AZURE, GCP",3
FUID-KCLOU:02068-57606-00,3,AZURE,1
FUID-PCLOU:00218-33842-00,3,AZURE,1
FUID-PCLOU:00218-35548-00,3,AZURE,1
FUID-EON:01742-5494-00,3,"AWS, AZURE, GCP",3
FUID-INCOR:00698-1304-00,3,"AWS, AZURE, GCP",3
FUID-NUANC:06703-33151-00,3,AZURE,1
FUID-KCLOU:02068-27124-00,3,AZURE,1
FUID-LABEL:00772-1503-00,3,"AZURE, GCP",2
FUID-NETFO:01550-4510-00,3,"AWS, AZURE, GCP",3
FUID-ATHIN:02588-27096-00,3,AZURE,1
FUID-NEXTU:00612-4253-00,3,"AWS, AZURE, GCP",3
FUID-AVIAT:00363-4434-00,3,"AWS, AZURE, GCP",3
FUID-KCLOU:02068-43472-00,3,AZURE,1
FUID-CITIU:05671-29293-00,3,"AWS, AZURE",2
FUID-DENOD:00525-1531-9,3,"AWS, AZURE, GCP",3
FUID-ZSCAL:01537-4468-00,3,"AWS, AZURE, GCP",3
FUID-BCLOU:00337-43608-00,3,AZURE,1
FUID-ARIST:01185-3372-00,3,"AWS, AZURE, GCP",3
FUID-KCLOU:02068-62062-00,3,AZURE,1
FUID-KCLOU:02068-33990-00,3,AZURE,1
FUID-PICAC:00778-1533-00,3,"AWS, AZURE, GCP",3
FUID-KCLOU:02068-35293-00,3,AZURE,1
FUID-ATHIN:02588-33601-00,3,AZURE,1
FUID-COMFO:01522-4436-00,3,"AWS, AZURE, GCP",3
FUID-PCLOU:00218-33799-00,3,AZURE,1
FUID-DRATA:01181-3366-00,3,"AWS, GCP",2
FUID-KINVO:01726-5409-00,3,"AZURE, GCP",2
FUID-PCLOU:00218-61927-00,3,AZURE,1
FUID-INFRA:00476-42255-00,3,AZURE,1
FUID-PCLOU:00218-61932-00,3,AZURE,1
FUID-FUTUR:00088-4463-00,3,"AWS, AZURE, GCP",3
FUID-EVOLU:02305-7516-00,3,AZURE,1
FUID-SOUTH:00688-5463-00,3,"AWS, AZURE, GCP",3
FUID-CLOUD:01736-5460-00,3,"AWS, AZURE, GCP",3
FUID-WIZ:01669-5040-00,3,"AWS, AZURE, GCP",3
FUID-100MS:01670-5044-00,3,"AWS, AZURE, GCP",3
FUID-KCLOU:02068-57527-00,3,AZURE,1
FUID-APPRA:01528-5465-00,3,"AWS, AZURE, GCP",3
FUID-CISCO:01191-8799-00,3,"AWS, AZURE",2
FUID-ATHIN:02588-35286-00,3,AZURE,1
FUID-AIVEN:00523-4234-00,3,"AWS, AZURE, GCP",3
FUID-EMAUN:00401-0551-00,3,"AZURE, GCP",2
FUID-TREND:00909-4503-00,3,"AWS, AZURE, GCP",3
FUID-AMAZO:02462-20037-00,3,AWS,1
FUID-CUBED:01504-4385-00,3,"AWS, AZURE, GCP",3
FUID-SINGL:00673-1254-00,3,"AWS, AZURE, GCP",3
FUID-PCLOU:00218-43439-00,3,AZURE,1
FUID-ENVIS:01683-5142-00,3,"AWS, AZURE, GCP",3
FUID-SOUTH:00688-5312-00,3,"AWS, AZURE, GCP",3
FUID-MIXPA:00789-1558-00,3,"AWS, AZURE, GCP",3
FUID-BCLOU:00337-4983-00,3,"AZURE, GCP",2
FUID-SOUTH:00688-5310-00,3,"AWS, AZURE, GCP",3
FUID-AKUIT:01661-4980-00,3,"AWS, AZURE, GCP",3
FUID-PCLOU:00218-33919-00,3,AZURE,1
FUID-DATAE:00669-1474-00,3,"AWS, AZURE, GCP",3
FUID-SOUTH:00688-5306-00,3,"AWS, AZURE, GCP",3
FUID-A10NE:01174-4484-200,3,"AWS, AZURE, GCP",3
FUID-HOSST:00723-4302-00,3,"AWS, AZURE, GCP",3
FUID-PCLOU:00218-33822-00,3,AZURE,1
FUID-WHIZ:04727-54954-8,3,AZURE,1
FUID-INFRA:00476-34746-00,3,AZURE,1
FUID-ATHIN:02588-33810-00,3,AZURE,1
FUID-PCLOU:00218-27084-00,3,AZURE,1
FUID-BIGEY:00621-1079-00,3,"AWS, AZURE, GCP",3
FUID-COMMV:00825-5352-00,3,"AWS, AZURE, GCP",3
FUID-PCLOU:00218-35195-00,3,AZURE,1
FUID-SYMME:06868-28089-00,3,"AWS, AZURE",2
FUID-BCLOU:00337-56947-00,3,AZURE,1
FUID-COGNO:01048-56311-22.04,3,AZURE,1
FUID-HOSST:00723-1356-00,3,"AWS, AZURE, GCP",3
FUID-FACET:01619-4731-00,3,"AWS, AZURE, GCP",3
FUID-CONNE:02086-7155-00,3,AZURE,1
FUID-INFOB:01337-3716-00,3,"AWS, AZURE, GCP",3
FUID-JINA:01884-6395-2,3,"AWS, AZURE, GCP",3
FUID-BCLOU:00337-56969-00,3,AZURE,1
FUID-SOCI:00931-2122-00,3,"AWS, AZURE, GCP",3
FUID-JINA:01884-6408-2,3,"AWS, AZURE, GCP",3
FUID-BCLOU:00337-35017-00,3,AZURE,1
FUID-KCLOU:02068-26700-00,3,AZURE,1
FUID-INSTA:00905-6416-00,3,"AWS, AZURE, GCP",3
FUID-STRII:00547-1685-00,3,"AWS, AZURE, GCP",3
FUID-SNAPL:01514-4422-00,3,"AWS, AZURE, GCP",3
FUID-KCLOU:02068-44162-00,3,AZURE,1
FUID-SUSE:00378-6821-00,3,"AWS, AZURE, GCP",3
FUID-PCLOU:00218-61697-00,3,AZURE,1
FUID-WRITE:01156-3312-00,3,"AWS, AZURE, GCP",3
FUID-PCLOU:00218-35162-00,3,AZURE,1
FUID-ATHIN:02588-33854-00,3,AZURE,1
FUID-KCLOU:02068-43848-00,3,AZURE,1
FUID-PCLOU:00218-43556-00,3,AZURE,1
FUID-BITNA:00344-5198-00,3,"AZURE, GCP",2
FUID-JFROG:01658-4970-00,3,"AWS, AZURE, GCP",3
FUID-FISCA:11460-46628-00,3,AZURE,1
FUID-BRIGH:18017-67631-00,3,AZURE,1
FUID-PCLOU:00218-33220-00,3,AZURE,1
FUID-BCLOU:00337-54911-00,3,AZURE,1
FUID-KCLOU:02068-36330-00,3,AZURE,1
FUID-SQUAD:06249-43545-00,3,AZURE,1
FUID-ATHIN:02588-35462-00,3,AZURE,1
FUID-KCLOU:02068-63033-00,3,AZURE,1
FUID-PCLOU:00218-33847-00,3,AZURE,1
FUID-INFRA:00476-33413-00,3,AZURE,1
FUID-SUSE:00378-6852-00,3,"AWS, AZURE, GCP",3
FUID-COGNO:01048-43983-00,3,AZURE,1
FUID-KCLOU:02068-57459-00,3,AZURE,1
FUID-DAZZ:01172-3351-00,3,"AWS, AZURE, GCP",3
FUID-PCLOU:00218-33806-4,3,AZURE,1
FUID-TACKL:01377-4280-00,3,"AWS, AZURE, GCP",3
FUID-PCLOU:00218-62864-00,3,AZURE,1
FUID-NEXTU:00612-4424-00,3,"AWS, AZURE, GCP",3
FUID-ATSCA:00395-0544-00,3,"AZURE, GCP",2
FUID-LITES:01057-2910-00,3,"AWS, AZURE, GCP",3
FUID-LITES:01057-2914-00,3,"AWS, AZURE, GCP",3
FUID-SUSE:00378-6853-00,3,"AWS, AZURE, GCP",3
FUID-WSO2:01682-5117-00,3,"AWS, AZURE, GCP",3
FUID-SOUTH:00688-5343-00,3,"AWS, AZURE, GCP",3
FUID-PCLOU:00218-34742-00,3,AZURE,1
FUID-CORES:01710-5327-00,3,"AWS, AZURE, GCP",3
FUID-SPLUN:00430-1383-00,2,"AWS, AZURE",2
FUID-COGNO:01048-4879-7,2,"AZURE, GCP",2
FUID-TECHL:00545-4877-00,2,"AWS, GCP",2
FUID-WSO2:01682-7005-00,2,"AWS, AZURE",2
FUID-APPS4:00107-4954-20.04,2,"AZURE, GCP",2
FUID-RINNE:02099-43569-8.5,2,AZURE,1
FUID-F5:01411-4946-200,2,"AWS, GCP",2
FUID-UNIFY:08604-59127-00,2,AZURE,1
FUID-JIT:01653-4943-00,2,"AWS, GCP",2
FUID-KCLOU:02068-43574-00,2,AZURE,1
FUID-DIGIB:01651-4936-00,2,"AWS, GCP",2
FUID-QUANT:10264-41841-00,2,"AWS, AZURE",2
FUID-GOLIN:01654-4951-00,2,"AZURE, GCP",2
FUID-ZNETP:15789-60769-00,2,AZURE,1
FUID-BITNA:00344-4929-00,2,"AZURE, GCP",2
FUID-F5:01411-4927-25,2,"AWS, GCP",2
FUID-INFRA:00476-4920-2019,2,"AWS, GCP",2
FUID-WHIZ:04727-67431-00,2,AZURE,1
FUID-APPS4:00107-4818-20.04,2,"AZURE, GCP",2
FUID-BCLOU:00337-4911-00,2,"AZURE, GCP",2
FUID-FOXIT:08311-43597-00,2,AZURE,1
FUID-MADAR:01072-4904-12,2,"AZURE, GCP",2
FUID-SYXSE:10536-43605-00,2,AZURE,1
FUID-BCLOU:00337-4890-00,2,"AZURE, GCP",2
FUID-ADFOL:08430-67403-00,2,AZURE,1
FUID-BITNA:00344-4871-00,2,"AZURE, GCP",2
FUID-BANSI:02130-33443-7,2,AZURE,1
FUID-F5:01411-4815-VE,2,"AWS, GCP",2
FUID-CIRRU:01647-4872-00,2,"AWS, GCP",2
FUID-TECHL:00545-4851-00,2,"AWS, GCP",2
FUID-USAN:07661-31543-00,2,AWS,1
FUID-APPS4:00107-4824-11,2,"AZURE, GCP",2
FUID-PROCO:02218-13691-9.4,2,AWS,1
FUID-FORTI:00617-4491-00,2,"AWS, GCP",2
FUID-BUF:01614-4710-00,2,"AWS, GCP",2
FUID-NGINX:01164-4490-20.04,2,"AWS, GCP",2
FUID-OPSWA:01544-4487-00,2,"AWS, GCP",2
FUID-CLOUD:01547-4505-00,2,"AWS, GCP",2
FUID-TIDAL:00029-69492-8.3,2,AZURE,1
FUID-KCLOU:02068-58921-00,2,AZURE,1
FUID-KCLOU:02068-33653-00,2,AZURE,1
FUID-F5:01411-4867-5,2,"AWS, GCP",2
FUID-CLOUD:07678-31569-00,2,AWS,1
FUID-DATOM:00892-33500-00,2,AZURE,1
FUID-METRI:02052-7078-00,2,"AWS, AZURE",2
FUID-COURI:07676-31565-00,2,AWS,1
FUID-HASHI:01639-4852-00,2,"AWS, GCP",2
FUID-COGNO:01048-67381-22.04,2,AZURE,1
FUID-BITNA:00344-4849-00,2,"AZURE, GCP",2
FUID-SWIT:01643-4847-00,2,"AZURE, GCP",2
FUID-HUMAN:01642-4845-00,2,"AWS, GCP",2
FUID-YASEE:00884-4844-22.04,2,"AZURE, GCP",2
FUID-ASKFO:01986-33511-7,2,AZURE,1
FUID-F5:01411-4835-25,2,"AWS, GCP",2
FUID-CYPAG:07668-31553-00,2,"AWS, AZURE",2
FUID-ATHIN:02588-43648-00,2,AZURE,1
FUID-BITNA:00344-4830-00,2,"AZURE, GCP",2
FUID-F5:01411-4829-5,2,"AWS, GCP",2
FUID-SOFTW:03224-31548-00,2,AWS,1
FUID-HEXAW:01635-4809-00,2,"AWS, GCP",2
FUID-BITNA:00344-4770-00,2,"AZURE, GCP",2
FUID-HUEMU:14440-58955-00,2,AZURE,1
FUID-BITNA:00344-4777-00,2,"AZURE, GCP",2
FUID-HEROI:01629-4774-00,2,"AWS, GCP",2
FUID-CXUNI:06328-33608-00,2,AZURE,1
FUID-APPS4:00107-4769-20.04,2,"AZURE, GCP",2
FUID-BITNA:00344-4762-00,2,"AZURE, GCP",2
FUID-WINDS:00414-49891-00,2,AZURE,1
FUID-SENTR:01627-4759-00,2,"AZURE, GCP",2
FUID-BCLOU:00337-4758-00,2,"AZURE, GCP",2
FUID-F5:01411-4754-00,2,"AWS, GCP",2
FUID-DATAR:12355-49885-00,2,AZURE,1
FUID-TWING:01652-33580-00,2,AZURE,1
FUID-KCLOU:02068-43701-00,2,AZURE,1
FUID-KEYFA:01621-4741-00,2,"AZURE, GCP",2
FUID-CGI:03921-41692-00,2,"AWS, AZURE",2
FUID-F5:01411-4768-1,2,"AWS, GCP",2
FUID-ABINI:00513-4406-00,2,"AZURE, GCP",2
FUID-SPACE:01505-4387-00,2,"AWS, GCP",2
FUID-OPENE:08257-33840-9,2,AZURE,1
FUID-PERFO:01865-16273-8,2,"AWS, AZURE",2
FUID-ATHIN:02588-34151-00,2,AZURE,1
FUID-BRYDE:08345-34153-00,2,AZURE,1
FUID-BITNA:00344-4007-00,2,"AZURE, GCP",2
FUID-CODEC:02716-16279-00,2,AWS,1
FUID-F5:01411-4001-5,2,"AWS, GCP",2
FUID-BCLOU:00337-34161-00,2,AZURE,1
FUID-RIVER:02740-34163-10,2,"AWS, AZURE",2
FUID-CANON:01519-4496-22.04,2,GCP,1
FUID-BCLOU:00337-34165-00,2,AZURE,1
FUID-OUTSY:01630-4776-00,2,"AWS, GCP",2
FUID-TECHL:00545-4785-00,2,"AWS, GCP",2
FUID-MADAR:01072-4707-22.04,2,"AZURE, GCP",2
FUID-ANARI:00406-4786-24.6.1,2,"AZURE, GCP",2
FUID-株式会社リ:08181-33620-00,2,AZURE,1
FUID-REDHA:01014-43734-00,2,AZURE,1
FUID-DHIAS:08183-33623-00,2,AZURE,1
FUID-ORCAS:01611-4697-00,2,"AZURE, GCP",2
FUID-KCLOU:02068-33625-00,2,AZURE,1
FUID-ISLAN:08184-33627-00,2,AZURE,1
FUID-BCLOU:00337-4693-20,2,"AZURE, GCP",2
FUID-HILOG:02098-7178-00,2,AZURE,1
FUID-AURAC:10580-43737-00,2,AZURE,1
FUID-MADAR:01072-4687-24.04,2,"AZURE, GCP",2
FUID-KCLOU:02068-7196-00,2,AZURE,1
FUID-PASSE:03970-13788-00,2,"AWS, AZURE",2
FUID-BITNA:00344-4678-00,2,"AZURE, GCP",2
FUID-KEDIF:01609-4677-00,2,"AWS, GCP",2
FUID-MIRRO:11842-49839-00,2,AZURE,1
FUID-HOSST:00723-7208-00,2,"AWS, AZURE",2
FUID-PCLOU:00218-58926-00,2,AZURE,1
FUID-PCLOU:00218-58924-00,2,AZURE,1
FUID-PCLOU:00218-58923-00,2,AZURE,1
FUID-MIRAD:13512-51748-00,2,AZURE,1
FUID-SEAMF:05726-23091-00,2,AWS,1
FUID-F5:01411-4715-1,2,"AWS, GCP",2
FUID-DATAD:01617-4723-00,2,"AZURE, GCP",2
FUID-APPS4:00107-4805-11,2,"AZURE, GCP",2
FUID-CGI:03921-13857-00,2,"AWS, AZURE",2
FUID-APPS4:00107-4792-20.04,2,"AZURE, GCP",2
FUID-PCLOU:00218-33554-00,2,AZURE,1
FUID-MINSA:00510-15938-00,2,"AWS, AZURE",2
FUID-FORTA:01561-4539-00,2,"AWS, GCP",2
FUID-INFRA:00476-4497-2019,2,"AZURE, GCP",2
FUID-TORQ:01564-4549-00,2,"AWS, GCP",2
FUID-NETOP:04401-39424-00,2,"AWS, AZURE",2
FUID-CHASE:01576-4588-00,2,"AWS, GCP",2
FUID-NINJA:01575-4587-00,2,"AWS, GCP",2
FUID-THORN:01189-4583-00,2,"AWS, GCP",2
FUID-BANSI:02130-13739-2,2,AWS,1
FUID-PROCO:02218-13738-8.10,2,AWS,1
FUID-KCLOU:02068-58869-00,2,AZURE,1
FUID-JUNIP:00342-4574-00,2,"AZURE, GCP",2
FUID-ECOEF:15845-60959-00,2,AZURE,1
FUID-PROCO:02218-13722-8,2,AWS,1
FUID-OPSWA:01544-4556-00,2,"AWS, GCP",2
FUID-CROWD:00976-4555-00,2,"AWS, GCP",2
FUID-NASUN:00686-4553-00,2,"AZURE, GCP",2
FUID-INFRA:00476-4548-00,2,"AWS, GCP",2
FUID-ATHIN:02588-33765-00,2,AZURE,1
FUID-PCLOU:00218-33737-00,2,AZURE,1
FUID-PALOA:00932-4540-00,2,"AWS, GCP",2
FUID-CROWD:00976-4537-00,2,"AWS, GCP",2
FUID-DECYP:00369-4535-00,2,"AZURE, GCP",2
FUID-GLAAS:12299-49769-00,2,AZURE,1
FUID-INEXT:12298-49768-00,2,AZURE,1
FUID-ASTRI:01579-4595-00,2,"AWS, GCP",2
FUID-MPHAS:03333-41601-00,2,"AWS, AZURE",2
FUID-NASUN:00686-4597-00,2,"AZURE, GCP",2
FUID-PCLOU:00218-58883-00,2,AZURE,1
FUID-NETWR:06506-43759-1,2,AZURE,1
FUID-VERSA:01602-4654-00,2,"AWS, GCP",2
FUID-QUALY:01200-4648-00,2,"AZURE, GCP",2
FUID-ILLUM:02629-8312-00,2,"AWS, AZURE",2
FUID-EMOPT:07146-29588-00,2,AWS,1
FUID-MONGO:00639-1151-00,2,"AWS, GCP",2
FUID-HOSST:00723-18643-00,2,"AWS, AZURE",2
FUID-MINTM:06470-44156-00,2,AZURE,1
FUID-HILOG:02098-46085-00,2,AZURE,1
FUID-DELL:01357-27352-00,2,AZURE,1
FUID-REDHA:01014-18688-00,2,AWS,1
FUID-LIGHT:19984-72642-e42,2,AZURE,1
FUID-LABRA:01468-36780-00,2,AZURE,1
FUID-PCLOU:00218-27383-00,2,AZURE,1
FUID-INFRA:00476-36776-00,2,AZURE,1
FUID-COMME:05178-20549-00,2,"AWS, AZURE",2
FUID-NUDGE:09520-38748-00,2,"AWS, AZURE",2
FUID-GLASS:09522-38750-00,2,"AWS, AZURE",2
FUID-SAAMA:10302-64818-00,2,AZURE,1
FUID-TMI:11758-47727-00,2,AZURE,1
FUID-SAAMA:10302-64823-00,2,AZURE,1
FUID-NUANC:06703-36755-00,2,AZURE,1
FUID-ELMCO:00538-2130-3.0,2,"AWS, AZURE",2
FUID-CISCO:01191-9763-00,2,"AWS, AZURE",2
FUID-HEXAW:01635-20572-00,2,AWS,1
FUID-XEBIA:03467-11491-00,2,AWS,1
FUID-COGNI:00635-1131-00,2,"AZURE, GCP",2
FUID-LAUNC:03954-18654-00,2,"AWS, AZURE",2
FUID-APPS4:00107-1134-10,2,"AZURE, GCP",2
FUID-COREN:02986-38778-00,2,"AWS, AZURE",2
FUID-COREN:02986-38779-00,2,"AWS, AZURE",2
FUID-FORTI:00617-9752-00,2,"AWS, AZURE",2
FUID-APPS4:00107-1143-22.04,2,"AZURE, GCP",2
FUID-ADYA:06276-54329-00,2,AZURE,1
FUID-WIPRO:01099-4646-00,2,"AWS, GCP",2
FUID-PCLOU:00218-43766-00,2,AZURE,1
FUID-VALUE:02129-7222-00,2,AZURE,1
FUID-FORTI:00617-4447-00,2,"AWS, GCP",2
FUID-DECYP:00369-4445-8,2,"AZURE, GCP",2
FUID-CANON:01519-4442-20.04,2,GCP,1
FUID-PANOR:01523-4438-00,2,"AZURE, GCP",2
FUID-CANON:01519-4430-18.04,2,GCP,1
FUID-DECYP:00369-4429-00,2,"AZURE, GCP",2
FUID-AVATH:01515-4425-00,2,"AZURE, GCP",2
FUID-COUCH:00580-4423-00,2,"AZURE, GCP",2
FUID-PCLOU:00218-33812-00,2,AZURE,1
FUID-GIGAB:02909-13652-8,2,AWS,1
FUID-COHES:01362-4479-00,2,"AZURE, GCP",2
FUID-ADAPT:01541-4480-00,2,"AZURE, GCP",2
FUID-ACALV:01542-4482-00,2,"AZURE, GCP",2
FUID-FASTL:01570-7314-00,2,AZURE,1
FUID-COHER:01124-43836-082024,2,AZURE,1
FUID-UPWIN:01555-4522-00,2,"AWS, GCP",2
FUID-PCLOU:00218-58830-00,2,AZURE,1
FUID-KCLOU:02068-58829-00,2,AZURE,1
FUID-CROWD:00976-4518-00,2,"AWS, GCP",2
FUID-INFRA:00476-4516-2022,2,"AWS, GCP",2
FUID-PCLOU:00218-33758-00,2,AZURE,1
FUID-CIRCL:03955-13697-00,2,AWS,1
FUID-SENHA:07367-33761-00,2,AZURE,1
FUID-SIMPL:06513-43842-00,2,AZURE,1
FUID-JEDOX:04438-15922-00,2,"AWS, AZURE",2
FUID-OBSID:01548-4506-00,2,"AWS, GCP",2
FUID-JUNIP:00342-4504-00,2,"AWS, GCP",2
FUID-APPVI:01525-4502-00,2,"AZURE, GCP",2
FUID-DECYP:00369-4446-00,2,"AZURE, GCP",2
FUID-FUTUR:00088-4449-00,2,"AWS, GCP",2
FUID-OPENR:01597-4642-00,2,"AWS, GCP",2
FUID-THALE:01425-4456-00,2,"AZURE, GCP",2
FUID-RUBRI:01595-4640-00,2,"AZURE, GCP",2
FUID-OPSWA:01544-4637-00,2,"AWS, GCP",2
FUID-ALTAI:00671-7227-00,2,"AWS, AZURE",2
FUID-KEYTO:02167-7290-00,2,AZURE,1
FUID-INMOB:08197-33675-00,2,AZURE,1
FUID-FORTI:00617-4630-00,2,"AZURE, GCP",2
FUID-SECUR:01590-4625-2,2,"AWS, GCP",2
FUID-KCLOU:02068-58897-00,2,AZURE,1
FUID-A10NE:01174-4621-00,2,"AWS, GCP",2
FUID-IPLAN:02132-7235-00,2,AZURE,1
FUID-PRADE:17876-67230-00,2,AZURE,1
FUID-FIREB:01584-4607-00,2,"AZURE, GCP",2
FUID-NASUN:00686-4606-00,2,"AZURE, GCP",2
FUID-NGINX:01164-4604-11,2,"AWS, GCP",2
FUID-KCLOU:02068-43786-00,2,AZURE,1
FUID-VULCA:01572-4631-00,2,"AZURE, GCP",2
FUID-BCLOU:00337-43756-00,2,AZURE,1
FUID-NTEGR:02001-13706-8.5,2,"AWS, AZURE",2
FUID-NOAAP:05799-25255-00,2,AWS,1
FUID-RADWA:01464-4476-00,2,"AWS, GCP",2
FUID-BIOCA:01539-4475-00,2,"AZURE, GCP",2
FUID-CANON:01519-4474-16.04,2,GCP,1
FUID-A10NE:01174-4473-20,2,"AZURE, GCP",2
FUID-CROWD:00976-4470-00,2,"AWS, GCP",2
FUID-DECYP:00369-4464-00,2,"AZURE, GCP",2
FUID-F5:01411-4460-00,2,"AZURE, GCP",2
FUID-TENAB:01186-4457-00,2,"AZURE, GCP",2
FUID-SILVE:03805-16285-00,2,"AWS, AZURE",2
FUID-EXTRA:01948-6439-360,2,"AZURE, GCP",2
FUID-CUEND:05375-25537-00,2,AWS,1
FUID-DATAC:01457-4222-00,2,"AWS, GCP",2
FUID-BITNA:00344-4118-00,2,"AZURE, GCP",2
FUID-LAUNC:01429-4114-00,2,"AWS, GCP",2
FUID-KCLOU:02068-44084-00,2,AZURE,1
FUID-KCLOU:02068-44085-00,2,AZURE,1
FUID-FTAPI:12234-49550-00,2,AZURE,1
FUID-HASHI:01639-16208-00,2,"AWS, AZURE",2
FUID-BCLOU:00337-4103-00,2,"AZURE, GCP",2
FUID-MATIL:02334-7570-00,2,"AWS, AZURE",2
FUID-LIQUI:04477-16197-00,2,"AWS, AZURE",2
FUID-PCLOU:00218-34101-00,2,AZURE,1
FUID-RINNE:02099-13491-9,2,"AWS, AZURE",2
FUID-MITIG:12245-49576-00,2,AZURE,1
FUID-TIDAL:00029-44013-10,2,AZURE,1
FUID-ZELIO:01454-4214-00,2,"AWS, GCP",2
FUID-SIDMA:13828-52196-00,2,AZURE,1
FUID-XPLG:05557-22947-00,2,"AWS, AZURE",2
FUID-GRAFA:01453-13527-00,2,"AWS, AZURE",2
FUID-TOOLJ:04471-16136-00,2,"AWS, AZURE",2
FUID-SPLUN:00430-4205-00,2,"AWS, GCP",2
FUID-INFOB:01337-13522-00,2,"AWS, AZURE",2
FUID-SINEQ:00828-4195-00,2,"AZURE, GCP",2
FUID-ADVAN:02154-69847-00,2,AZURE,1
FUID-INTAP:06335-34034-00,2,AZURE,1
FUID-OPENA:06049-25436-00,2,AWS,1
FUID-RINNE:02099-16156-8.8,2,"AWS, AZURE",2
FUID-COALE:01417-4180-2023,2,"AZURE, GCP",2
FUID-RINNE:02099-16158-9.4,2,"AWS, AZURE",2
FUID-APPS4:00107-4178-22.04,2,"AZURE, GCP",2
FUID-TETRA:03217-13470-00,2,"AWS, AZURE",2
FUID-F5:01411-4120-25,2,"AWS, GCP",2
FUID-F5:01411-4123-200,2,"AWS, GCP",2
FUID-COALE:01417-13489-2021,2,"AWS, AZURE",2
FUID-RINNE:02099-13616-9,2,"AWS, AZURE",2
FUID-SNOWF:01461-4236-00,2,"AWS, GCP",2
FUID-XPLIC:13037-51947-00,2,AZURE,1
FUID-BAYER:02240-7397-00,2,AZURE,1
FUID-BAYER:02240-7398-00,2,AZURE,1
FUID-TIDAL:00029-13607-20.04,2,"AWS, AZURE",2
FUID-ZERTI:06291-43946-00,2,AZURE,1
FUID-RINNE:02099-13594-9,2,"AWS, AZURE",2
FUID-XPLG:05557-23027-00,2,"AWS, AZURE",2
FUID-INFRA:00476-33901-00,2,AZURE,1
FUID-XPLG:05557-23025-00,2,"AWS, AZURE",2
FUID-KYVOS:00567-4319-00,2,"AWS, GCP",2
FUID-XPLG:05557-23023-00,2,"AWS, AZURE",2
FUID-CLOUD:03411-16026-00,2,AWS,1
FUID-KCLOU:02068-44010-00,2,AZURE,1
FUID-PCLOU:00218-44011-00,2,AZURE,1
FUID-SILVE:03805-13535-00,2,"AWS, AZURE",2
FUID-RINNE:02099-13486-8.10,2,"AWS, AZURE",2
FUID-BITNA:00344-4148-00,2,"AZURE, GCP",2
FUID-TEMPO:01424-4146-00,2,"AWS, GCP",2
FUID-HOSST:00723-4144-00,2,"AZURE, GCP",2
FUID-TECHL:00545-4143-00,2,"AWS, GCP",2
FUID-APPS4:00107-4142-22.04,2,"AZURE, GCP",2
FUID-FRACT:00526-34049-00,2,AZURE,1
FUID-JINA:01884-7536-2,2,"AWS, AZURE",2
FUID-BITNA:00344-4130-00,2,"AZURE, GCP",2
FUID-PCLOU:00218-34064-00,2,AZURE,1
FUID-PROCO:02218-13504-8.10,2,AWS,1
FUID-INFRA:00476-4176-2019,2,"AWS, GCP",2
FUID-SECON:01441-4168-00,2,"AWS, GCP",2
FUID-AHSAY:18464-68593-00,2,AZURE,1
FUID-HOSST:00723-32714-00,2,"AWS, AZURE",2
FUID-INTER:04801-32197-00,2,"AWS, AZURE",2
FUID-TECHL:00545-6405-00,2,"AWS, GCP",2
FUID-HOSST:00723-32725-00,2,"AWS, AZURE",2
FUID-NEURA:01934-6410-00,2,"AWS, GCP",2
FUID-REPLY:05333-24049-00,2,AWS,1
FUID-XITOR:15585-59777-00,2,AZURE,1
FUID-MAGNI:01936-6417-00,2,"AWS, GCP",2
FUID-OUTRE:07868-32187-00,2,"AWS, AZURE",2
FUID-BRAZE:07867-32185-00,2,"AWS, AZURE",2
FUID-CONTI:01109-5707-00,2,"AWS, GCP",2
FUID-CIQ:00215-32184-8.10,2,"AWS, AZURE",2
FUID-APPS4:00107-5783-2016,2,"AZURE, GCP",2
FUID-JETBR:01794-5782-00,2,"AWS, GCP",2
FUID-BITNA:00344-5781-00,2,"AZURE, GCP",2
FUID-EPSAG:18458-68577-00,2,AZURE,1
FUID-SPOTD:01791-5778-00,2,"AZURE, GCP",2
FUID-BITNA:00344-5772-00,2,"AZURE, GCP",2
FUID-SUPER:01944-6433-00,2,"AZURE, GCP",2
FUID-NLX:01790-5769-00,2,"AWS, GCP",2
FUID-HOSST:00723-32172-00,2,"AWS, AZURE",2
FUID-CUEND:05375-24560-00,2,AWS,1
FUID-PERSI:01556-5784-00,2,"AZURE, GCP",2
FUID-HOSST:00723-32713-00,2,"AWS, AZURE",2
FUID-WEAVI:00566-5702-00,2,"AWS, GCP",2
FUID-TIDAL:00029-32133-10,2,"AWS, AZURE",2
FUID-BCLOU:00337-5602-00,2,"AZURE, GCP",2
FUID-KCLOU:02068-63130-00,2,AZURE,1
FUID-COHER:01124-24018-4,2,"AWS, AZURE",2
FUID-PROCO:02218-13497-8.10,2,AWS,1
FUID-BITNA:00344-5755-00,2,"AZURE, GCP",2
FUID-NVIDI:00356-4166-vmi,2,"AZURE, GCP",2
FUID-PROCO:02218-13496-8,2,AWS,1
FUID-PROCO:02218-13506-8.8,2,AWS,1
FUID-OPTIM:01355-3774-00,2,"AZURE, GCP",2
FUID-BITNA:00344-4959-00,2,"AZURE, GCP",2
FUID-INVIG:10524-43564-00,2,AZURE,1
FUID-ZOOMC:15578-59746-00,2,AZURE,1
FUID-MATIL:02334-32770-00,2,"AWS, AZURE",2
FUID-INFRA:00476-6448-24.04,2,"AWS, GCP",2
FUID-FLOQA:07864-32157-00,2,"AWS, AZURE",2
FUID-TECHL:00545-6457-00,2,"AWS, GCP",2
FUID-ELMCO:00538-32153-00,2,"AWS, AZURE",2
FUID-XCEPT:15576-59729-00,2,AZURE,1
FUID-BITNA:00344-5734-00,2,"AZURE, GCP",2
FUID-INTER:04801-32149-00,2,"AWS, AZURE",2
FUID-PALAN:00692-32793-00,2,"AWS, AZURE",2
FUID-REDHA:01014-42457-00,2,AZURE,1
FUID-INTER:04801-32144-00,2,"AWS, AZURE",2
FUID-NVIDI:00356-6469-22.1,2,"AZURE, GCP",2
FUID-ENTER:00403-5722-00,2,"AZURE, GCP",2
FUID-BITNA:00344-5721-00,2,"AZURE, GCP",2
FUID-APPS4:00107-6470-20.04,2,"AZURE, GCP",2
FUID-APPS4:00107-5719-22.04,2,"AZURE, GCP",2
FUID-HOSST:00723-32140-00,2,"AWS, AZURE",2
FUID-HOSST:00723-32139-00,2,"AWS, AZURE",2
FUID-APPS4:00107-5710-11,2,"AZURE, GCP",2
FUID-COGNI:04222-23983-00,2,"AWS, AZURE",2
FUID-PCLOU:00218-33870-00,2,AZURE,1
FUID-SPEKT:00919-33869-00,2,AZURE,1
FUID-TRAEF:03945-13620-00,2,"AWS, AZURE",2
FUID-PCLOU:00218-34099-3,2,AZURE,1
FUID-PROCO:02218-13421-8.10,2,AWS,1
FUID-APPS4:00107-4030-22.04,2,"AZURE, GCP",2
FUID-BITNA:00344-4027-00,2,"AZURE, GCP",2
FUID-RINNE:02099-16254-8.10,2,"AWS, AZURE",2
FUID-FR0NT:01404-3960-00,2,"AZURE, GCP",2
FUID-CONTR:00739-44179-00,2,AZURE,1
FUID-INFRA:00476-3952-2022,2,"AZURE, GCP",2
FUID-HOSST:00723-7743-00,2,"AWS, AZURE",2
FUID-IN4IT:01713-7746-00,2,"AWS, AZURE",2
FUID-QNAP:02460-7748-00,2,"AWS, AZURE",2
FUID-CAMBA:12417-70167-00,2,AZURE,1
FUID-DYNAT:00592-3817-00,2,"AWS, GCP",2
FUID-JINA:01884-22653-1,2,"AWS, AZURE",2
FUID-JINA:01884-22652-1,2,"AWS, AZURE",2
FUID-NOBL9:01373-3812-9,2,"AWS, GCP",2
FUID-CFDDI:07860-41032-00,2,"AWS, AZURE",2
FUID-DECYP:00369-3810-00,2,"AZURE, GCP",2
FUID-VERME:13896-52304-00,2,AZURE,1
FUID-GEMSE:01372-3808-00,2,"AZURE, GCP",2
FUID-CURVA:03880-13278-00,2,AWS,1
FUID-EXPER:08395-34342-00,2,AZURE,1
FUID-XOVOX:07523-30908-00,2,"AWS, AZURE",2
FUID-ADVAN:02154-34344-00,2,AZURE,1
FUID-NETSK:00861-7769-00,2,"AWS, AZURE",2
FUID-PIXIT:01367-3792-00,2,"AWS, GCP",2
FUID-AMAZO:02462-22638-00,2,AWS,1
FUID-INFRA:00476-34355-00,2,AZURE,1
FUID-COGNO:01048-34135-5.0,2,AZURE,1
FUID-BITNA:00344-4039-00,2,"AZURE, GCP",2
FUID-QNX:02471-7782-7.1,2,"AWS, AZURE",2
FUID-RINNE:02099-16257-9.5,2,"AWS, AZURE",2
FUID-GROUN:01410-3983-00,2,"AWS, GCP",2
FUID-PCLOU:00218-34180-00,2,AZURE,1
FUID-AMAZO:02462-22788-00,2,AWS,1
FUID-TANLA:14147-70032-00,2,AZURE,1
FUID-JINA:01884-22783-1,2,"AWS, AZURE",2
FUID-JINA:01884-22782-0.5b,2,"AWS, AZURE",2
FUID-JINA:01884-22781-2,2,"AWS, AZURE",2
FUID-JINA:01884-22780-1,2,"AWS, AZURE",2
FUID-LIFER:01416-4016-00,2,"AWS, GCP",2
FUID-CONTE:01418-4018-00,2,"AWS, GCP",2
FUID-BITNA:00344-4021-00,2,"AZURE, GCP",2
FUID-PROCO:02218-13417-8,2,AWS,1
FUID-BITNA:00344-4073-00,2,"AZURE, GCP",2
FUID-APPS4:00107-4069-12,2,"AZURE, GCP",2
FUID-PCLOU:00218-44118-00,2,AZURE,1
FUID-THALE:01425-4065-00,2,"AWS, GCP",2
FUID-FEDBL:13791-52150-00,2,AZURE,1
FUID-COMTR:02387-65394-00,2,AZURE,1
FUID-DECYP:00369-4059-12,2,"AZURE, GCP",2
FUID-SPACE:04483-16246-00,2,"AWS, AZURE",2
FUID-AQUER:14559-61243-00,2,AZURE,1
FUID-VIRTU:00216-7600-10,2,AZURE,1
FUID-SYSTE:05690-49466-00,2,AZURE,1
FUID-RINNE:02099-16253-9.3,2,"AWS, AZURE",2
FUID-RINNE:02099-16256-9.3,2,"AWS, AZURE",2
FUID-F5:01411-4043-10,2,"AWS, GCP",2
FUID-ORKES:01420-4042-00,2,"AZURE, GCP",2
FUID-SENOM:12167-49353-00,2,AZURE,1
FUID-BMCSO:00761-3807-00,2,"AWS, GCP",2
FUID-DHIAS:08183-33862-00,2,AZURE,1
FUID-WRIKE:01481-4304-00,2,"AZURE, GCP",2
FUID-CRUXI:01479-4299-00,2,"AWS, GCP",2
FUID-DUALI:01477-4297-00,2,"AZURE, GCP",2
FUID-SWARM:05713-23010-00,2,"AWS, AZURE",2
FUID-TELMA:01474-4293-00,2,"AWS, GCP",2
FUID-JMINF:00902-4289-00,2,"AWS, GCP",2
FUID-VIRTU:00216-7431-10,2,AZURE,1
FUID-APPS4:00107-4287-2016,2,"AZURE, GCP",2
FUID-PCLOU:00218-33929-00,2,AZURE,1
FUID-PROCO:02218-13571-8,2,AWS,1
FUID-BYNET:00483-33940-00,2,AZURE,1
FUID-BIGPA:02269-7447-00,2,"AWS, AZURE",2
FUID-RISIN:01467-4262-00,2,"AWS, GCP",2
FUID-PCLOU:00218-33951-00,2,AZURE,1
FUID-GALIL:01961-22984-00,2,"AWS, AZURE",2
FUID-APPS4:00107-4259-11,2,"AZURE, GCP",2
FUID-SEROS:02278-7456-00,2,AZURE,1
FUID-BCLOU:00337-33963-00,2,AZURE,1
FUID-TURTL:12254-49622-00,2,AZURE,1
FUID-PCSIN:02261-7423-00,2,AZURE,1
FUID-BAYER:02240-43956-00,2,AZURE,1
FUID-XPLG:05557-23019-00,2,"AWS, AZURE",2
FUID-CLAZA:01485-4316-00,2,"AZURE, GCP",2
FUID-UCBOS:05722-23074-00,2,"AWS, AZURE",2
FUID-APPS4:00107-4379-12,2,"AZURE, GCP",2
FUID-BCLOU:00337-33856-00,2,AZURE,1
FUID-EXPER:04454-16015-00,2,"AWS, AZURE",2
FUID-HONEY:03953-13621-00,2,"AWS, AZURE",2
FUID-PCLOU:00218-33917-00,2,AZURE,1
FUID-PCLOU:00218-33916-00,2,AZURE,1
FUID-SEMAR:00926-44110-00,2,AZURE,1
FUID-HARDE:03811-16223-8,2,AWS,1
FUID-CLOUD:00863-22673-00,2,"AWS, AZURE",2
FUID-INTEL:02456-7738-00,2,"AWS, AZURE",2
FUID-INFRA:00476-3950-2019,2,"AZURE, GCP",2
FUID-BITNA:00344-3949-00,2,"AZURE, GCP",2
FUID-BITNA:00344-3947-00,2,"AZURE, GCP",2
FUID-INFRA:00476-3946-2016,2,"AWS, GCP",2
FUID-AMAZO:02462-22764-00,2,AWS,1
FUID-KCLOU:02068-34807-20.10,2,AZURE,1
FUID-AMAZO:02462-22762-00,2,AWS,1
FUID-AODN:05359-25568-3,2,AWS,1
FUID-VWORK:15921-61305-00,2,AZURE,1
FUID-AMAZO:02462-22752-00,2,AWS,1
FUID-MIRII:00631-7740-00,2,AWS,1
FUID-BLUEO:07559-30983-00,2,AWS,1
FUID-PGSEC:13862-52250-00,2,AZURE,1
FUID-ELLIP:01393-3896-00,2,"AZURE, GCP",2
FUID-INFRA:00476-3891-2019,2,"AWS, GCP",2
FUID-EVOLO:15375-58386-00,2,AZURE,1
FUID-AMAZO:02462-22702-00,2,AWS,1
FUID-KCLOU:02068-34283-00,2,AZURE,1
FUID-PROCO:02218-16398-9.4,2,AWS,1
FUID-HELPS:07531-30944-00,2,"AWS, AZURE",2
FUID-AMAZO:02462-22687-00,2,AWS,1
FUID-AKAMA:02396-52293-00,2,AZURE,1
FUID-IOANY:02046-16361-00,2,AWS,1
FUID-BITNA:00344-4957-00,2,"AZURE, GCP",2
FUID-GITLA:01224-4081-00,2,"AZURE, GCP",2
FUID-CONVI:00665-1224-00,2,"AZURE, GCP",2
FUID-GEVER:05612-27960-00,2,"AWS, AZURE",2
FUID-APPS4:00107-1219-11,2,"AZURE, GCP",2
FUID-NEUBI:07064-28764-00,2,"AWS, AZURE",2
FUID-APPS4:00107-0681-2022,2,"AZURE, GCP",2
FUID-PERFO:01865-19030-9,2,"AWS, AZURE",2
FUID-RANDO:03529-28713-00,2,"AWS, AZURE",2
FUID-INNOT:20110-73005-00,2,AZURE,1
FUID-HOSST:00723-37129-00,2,"AWS, AZURE",2
FUID-VOLUM:16441-64519-00,2,AZURE,1
FUID-RANDO:03529-28736-00,2,"AWS, AZURE",2
FUID-FINOG:08984-37112-00,2,AWS,1
FUID-APPCI:05091-20250-00,2,"AWS, AZURE",2
FUID-CISCO:01191-72968-00,2,AZURE,1
FUID-STARD:03020-10065-00,2,"AWS, AZURE",2
FUID-INFRA:00476-0739-20.04,2,"AWS, GCP",2
FUID-AIRTA:08980-37091-00,2,"AWS, AZURE",2
FUID-AODN:05359-23642-00,2,AWS,1
FUID-MADAR:01072-10335-9,2,AWS,1
FUID-SCALE:00487-0759-00,2,"AZURE, GCP",2
FUID-SOFTW:03224-11235-00,2,AWS,1
FUID-APPS4:00107-0765-11,2,"AZURE, GCP",2
FUID-ART:01987-18955-9,2,"AWS, AZURE",2
FUID-CONNE:10964-64572-00,2,AZURE,1
FUID-MARIA:09459-38476-00,2,"AWS, AZURE",2
FUID-SCHRO:16466-64574-00,2,AZURE,1
FUID-CONGR:07061-64578-00,2,AZURE,1
FUID-CHECK:00442-0787-00,2,"AWS, GCP",2
FUID-NUCLE:00498-0788-00,2,"AWS, GCP",2
FUID-PACIF:03045-10119-00,2,"AWS, AZURE",2
FUID-WNS:03155-10280-00,2,"AWS, AZURE",2
FUID-QORE:09097-37354-5.1,2,"AWS, AZURE",2
FUID-ELAST:00499-0791-00,2,"AWS, GCP",2
FUID-IBMSO:02537-37051-00,2,"AWS, AZURE",2
FUID-XQMES:03585-38486-00,2,"AWS, AZURE",2
FUID-UPLEV:00527-0860-00,2,"AZURE, GCP",2
FUID-DDN:00354-0463-00,2,"AZURE, GCP",2
FUID-SOFTW:03224-11163-00,2,AWS,1
FUID-AKAMA:02396-19040-00,2,"AWS, AZURE",2
FUID-BRIGH:05112-20310-00,2,"AWS, AZURE",2
FUID-NEXLA:02981-10008-00,2,"AWS, AZURE",2
FUID-SALES:00507-0812-00,2,"AWS, GCP",2
FUID-SESSI:00508-0813-00,2,"AWS, GCP",2
FUID-SOUTH:00688-37027-00,2,"AWS, AZURE",2
FUID-APPS4:00107-0819-22.04,2,"AZURE, GCP",2
FUID-MINSA:00510-0820-00,2,"AZURE, GCP",2
FUID-OPSER:00482-20333-00,2,"AWS, AZURE",2
FUID-CINTO:11699-47560-00,2,AZURE,1
FUID-3RDI:16505-64633-00,2,AZURE,1
FUID-CYGNA:02539-18878-ev10,2,"AWS, AZURE",2
FUID-DOMAI:02988-10017-00,2,"AWS, AZURE",2
FUID-FRACT:00526-0859-00,2,"AZURE, GCP",2
FUID-VERIT:00529-0862-00,2,"AWS, GCP",2
FUID-MOVEW:04713-36987-00,2,"AWS, AZURE",2
FUID-PANZU:00792-36985-00,2,"AWS, AZURE",2
FUID-SYMEN:16514-64647-00,2,AZURE,1
FUID-HEXAG:06477-64653-j5,2,AZURE,1
FUID-COGNO:01048-46270-7.0,2,AZURE,1
FUID-COGNO:01048-46269-20.04,2,AZURE,1
FUID-CALLM:07556-64660-00,2,AZURE,1
FUID-COGNO:01048-46267-7.0,2,AZURE,1
FUID-ZOOMI:00543-0894-00,2,"AWS, GCP",2
FUID-MAGNE:07287-36954-00,2,"AWS, AZURE",2
FUID-AIRTS:00343-0452-00,2,"AWS, AZURE",2
FUID-PERFO:01865-19736-20.04,2,"AWS, AZURE",2
FUID-CLEAR:00111-0124-00,2,"AZURE, GCP",2
FUID-C3ITS:00018-0018-00,2,AZURE,1
FUID-ZEECH:00020-0020-00,2,AZURE,1
FUID-CREAT:00021-0021-00,2,"AWS, AZURE",2
FUID-AXWAY:06632-28194-00,2,"AWS, AZURE",2
FUID-VIRTU:00216-46927-20.04,2,AZURE,1
FUID-PURES:03535-19655-00,2,"AWS, AZURE",2
FUID-ZEECH:00020-0034-00,2,AZURE,1
FUID-ART:01987-19658-2019,2,"AWS, AZURE",2
FUID-HOSST:00723-37811-00,2,"AWS, AZURE",2
FUID-HOSST:00723-37812-00,2,"AWS, AZURE",2
FUID-HOSST:00723-37813-00,2,"AWS, AZURE",2
FUID-GEVER:05612-28154-00,2,"AWS, AZURE",2
FUID-GEVER:05612-28153-00,2,"AWS, AZURE",2
FUID-EMUDH:03294-10630-00,2,"AWS, AZURE",2
FUID-AIRSL:06887-28142-00,2,"AWS, AZURE",2
FUID-EXCEL:00039-0063-00,2,AZURE,1
FUID-RAFAY:00064-0069-00,2,"AWS, AZURE",2
FUID-IMAGE:06922-28233-00,2,"AWS, AZURE",2
FUID-GITPO:00280-19709-00,2,AWS,1
FUID-GUANC:04479-19542-00,2,"AWS, AZURE",2
FUID-CREAT:00021-0224-00,2,"AWS, AZURE",2
FUID-CROSS:09162-37566-00,2,"AWS, AZURE",2
FUID-SOFTW:03224-10470-00,2,AWS,1
FUID-SAFES:11496-46755-00,2,AZURE,1
FUID-MATOF:01992-19308-00,2,AWS,1
FUID-VERIT:01574-10352-00,2,"AWS, AZURE",2
FUID-PRODU:09299-38116-00,2,"AWS, AZURE",2
FUID-APLI:16129-64269-00,2,AZURE,1
FUID-CLOUD:00646-10650-00,2,AWS,1
FUID-STACK:00016-0016-00,2,"AWS, AZURE",2
FUID-STORY:09207-37895-00,2,AWS,1
FUID-CLOCK:00015-0015-00,2,"AZURE, GCP",2
FUID-RECOV:15185-64065-00,2,AZURE,1
FUID-HOSST:00723-37657-00,2,"AWS, AZURE",2
FUID-HOSST:00723-37656-00,2,"AWS, AZURE",2
FUID-HOSST:00723-37655-00,2,"AWS, AZURE",2
FUID-HOSST:00723-37654-00,2,"AWS, AZURE",2
FUID-INNOV:06859-28075-00,2,"AWS, AZURE",2
FUID-APPSE:14730-55142-00,2,AZURE,1
FUID-LEONA:00129-0147-00,2,AZURE,1
FUID-PERFO:01865-19735-8,2,"AWS, AZURE",2
FUID-GEVER:05612-28064-00,2,"AWS, AZURE",2
FUID-PHONE:00139-0159-00,2,AZURE,1
FUID-PEOPL:00149-0172-00,2,AZURE,1
FUID-VALOH:05278-47070-00,2,AZURE,1
FUID-ADVER:14804-55406-00,2,AZURE,1
FUID-TIDAL:00029-37617-10,2,"AWS, AZURE",2
FUID-PLANV:05653-37611-00,2,"AWS, AZURE",2
FUID-CORIO:03365-10811-00,2,AWS,1
FUID-SMART:09174-37600-00,2,"AWS, AZURE",2
FUID-NEURA:04689-37599-00,2,AWS,1
FUID-SOFTS:01867-10491-00,2,AWS,1
FUID-HCLSO:03156-37970-00,2,"AWS, AZURE",2
FUID-GEVER:05612-28059-00,2,"AWS, AZURE",2
FUID-PERFO:01865-19525-11,2,"AWS, AZURE",2
FUID-APPS4:00107-0118-2019,2,"AZURE, GCP",2
FUID-VIC:06925-28268-00,2,AWS,1
FUID-HYCU:00007-0007-00,2,AZURE,1
FUID-MAGIC:00009-0009-00,2,AZURE,1
FUID-REACH:03048-10123-00,2,"AWS, AZURE",2
FUID-TERRA:00398-0548-00,2,"AZURE, GCP",2
FUID-ELLIP:00393-0542-00,2,"AZURE, GCP",2
FUID-APPS4:00107-1876-20.04,2,"AZURE, GCP",2
FUID-MICRO:01554-26966-00,2,AZURE,1
FUID-EQUIF:00490-1892-00,2,"AWS, GCP",2
FUID-HOSST:00723-9226-00,2,"AWS, AZURE",2
FUID-CLOUD:03411-11945-00,2,AWS,1
FUID-HOTPO:05190-21140-00,2,AWS,1
FUID-TUNGS:08791-36123-00,2,AZURE,1
FUID-IBMSO:02537-9221-00,2,"AWS, AZURE",2
FUID-BROAD:14415-65306-00,2,AZURE,1
FUID-APPSC:02851-9320-00,2,"AWS, AZURE",2
FUID-PCLOU:00218-26920-00,2,AZURE,1
FUID-MARCO:08268-45661-00,2,AZURE,1
FUID-HYPER:00632-1766-00,2,"AWS, GCP",2
FUID-TOMSA:02726-9274-00,2,"AWS, AZURE",2
FUID-ZENDA:04757-18111-00,2,AWS,1
FUID-REDHA:01014-36157-00,2,AZURE,1
FUID-STRII:00547-1717-00,2,"AZURE, GCP",2
FUID-HYPER:00632-1838-00,2,"AWS, GCP",2
FUID-CLOUD:03411-39275-00,2,AWS,1
FUID-CYPHE:02827-9283-00,2,"AWS, AZURE",2
FUID-COGNO:01048-26957-00,2,AZURE,1
FUID-GATEW:04283-29528-00,2,"AWS, AZURE",2
FUID-APPS4:00107-1896-22.04,2,"AZURE, GCP",2
FUID-REDHA:01014-18175-00,2,AWS,1
FUID-ERMES:09738-39330-00,2,"AWS, AZURE",2
FUID-MICRO:01554-26964-00,2,AZURE,1
FUID-GRIST:06484-26948-00,2,"AWS, AZURE",2
FUID-STATS:00835-1728-00,2,"AZURE, GCP",2
FUID-CHATA:00881-1881-00,2,"AZURE, GCP",2
FUID-TIDAL:00029-9195-00,2,"AWS, AZURE",2
FUID-PCLOU:00218-26865-00,2,AZURE,1
FUID-INFOB:01337-18128-00,2,"AWS, AZURE",2
FUID-RESIL:03648-36229-00,2,"AWS, AZURE",2
FUID-PCLOU:00218-62663-00,2,AZURE,1
FUID-ACRYL:00755-9177-00,2,"AWS, AZURE",2
FUID-PCLOU:00218-36260-00,2,AZURE,1
FUID-MOTIV:06475-26927-00,2,"AWS, AZURE",2
FUID-GREEN:06447-26863-00,2,AZURE,1
FUID-BARRA:01161-9271-00,2,"AWS, AZURE",2
FUID-CONVI:00842-1738-00,2,"AWS, GCP",2
FUID-SELEC:00874-1854-00,2,"AWS, GCP",2
FUID-HOSST:00723-1683-00,2,"AZURE, GCP",2
FUID-MINDB:00751-1686-00,2,"AZURE, GCP",2
FUID-SYSTE:02668-9328-00,2,AWS,1
FUID-TIDAL:00029-9213-00,2,"AWS, AZURE",2
FUID-FORTI:00617-1684-00,2,"AWS, GCP",2
FUID-INTEZ:02841-9305-00,2,"AWS, AZURE",2
FUID-LIBEL:09765-39420-00,2,"AWS, AZURE",2
FUID-MICRO:01554-26963-00,2,AZURE,1
FUID-SCYLL:00849-1851-00,2,"AWS, GCP",2
FUID-ATHIN:02588-36146-4,2,AZURE,1
FUID-IBL:00824-1688-00,2,"AWS, GCP",2
FUID-MICRO:01554-26962-00,2,AZURE,1
FUID-HITAC:02540-36258-00,2,"AWS, AZURE",2
FUID-CITIU:05671-29466-00,2,"AWS, AZURE",2
FUID-BETTY:16756-65264-00,2,AZURE,1
FUID-MICRO:00871-1848-00,2,"AWS, GCP",2
FUID-ACCUH:06454-26878-00,2,AZURE,1
FUID-ASKFO:01986-45636-22.04,2,AZURE,1
FUID-OPTIC:02598-18034-00,2,AWS,1
FUID-IBMSO:02537-9207-00,2,"AWS, AZURE",2
FUID-KAPIC:00392-0541-00,2,"AZURE, GCP",2
FUID-APPS4:00107-0655-2022,2,"AZURE, GCP",2
FUID-HACKL:04894-19053-00,2,AWS,1
FUID-EMQ:00446-0616-00,2,"AZURE, GCP",2
FUID-SEKOI:05263-28614-00,2,"AWS, AZURE",2
FUID-EPAM:00672-20104-00,2,AWS,1
FUID-ART:01987-19147-2022,2,"AWS, AZURE",2
FUID-NVIDI:00356-0465-00,2,"AZURE, GCP",2
FUID-BECHT:03694-19219-vdi,2,AWS,1
FUID-APPLI:04522-19218-00,2,AWS,1
FUID-IBMSO:02537-20034-00,2,"AWS, AZURE",2
FUID-BWTEC:00359-0469-00,2,"AWS, GCP",2
FUID-WAKEL:09345-38208-00,2,"AWS, AZURE",2
FUID-RELIA:00368-0481-00,2,"AWS, GCP",2
FUID-BITNA:00344-0483-00,2,"AZURE, GCP",2
FUID-BCLOU:00337-54854-00,2,AZURE,1
FUID-PIVOT:00372-0487-00,2,"AZURE, GCP",2
FUID-AEVOT:14863-55681-00,2,AZURE,1
FUID-PROCE:11428-46564-00,2,AZURE,1
FUID-BCLOU:00337-54844-00,2,AZURE,1
FUID-WORKG:11617-47306-00,2,AZURE,1
FUID-XTREM:03243-11042-00,2,AWS,1
FUID-JIMIN:09066-37302-00,2,"AWS, AZURE",2
FUID-FINBO:09378-38243-00,2,"AWS, AZURE",2
FUID-NESS:03286-11049-00,2,AWS,1
FUID-VECTR:00384-0528-00,2,"AWS, GCP",2
FUID-YEAST:00389-0534-00,2,GCP,1
FUID-DIGSE:05037-20092-00,2,"AWS, AZURE",2
FUID-YOURS:07016-28599-00,2,"AWS, AZURE",2
FUID-ZETTA:09435-38367-00,2,"AWS, AZURE",2
FUID-APPS4:00107-0646-2016,2,"AZURE, GCP",2
FUID-LENSE:04771-36122-00,2,AZURE,1
FUID-HOSST:00723-19069-00,2,"AWS, AZURE",2
FUID-SONAT:04759-18122-00,2,"AWS, AZURE",2
FUID-RINNE:02099-18168-9.5,2,"AWS, AZURE",2
FUID-MPHAS:03333-18065-00,2,"AWS, AZURE",2
FUID-FORTI:00617-1725-00,2,"AZURE, GCP",2
FUID-APPLI:05293-21094-00,2,"AWS, AZURE",2
FUID-EMQ:00446-6134-00,2,"AWS, GCP",2
FUID-COUCH:00580-0977-00,2,"AZURE, GCP",2
FUID-APPS4:00107-1678-11,2,"AZURE, GCP",2
FUID-AGORI:09041-37253-00,2,"AWS, AZURE",2
FUID-WYSDO:00413-0570-00,2,"AZURE, GCP",2
FUID-WINDS:00414-0571-00,2,GCP,1
FUID-WINDS:00414-0573-00,2,GCP,1
FUID-TRANS:03101-10197-00,2,"AWS, AZURE",2
FUID-KURRE:05051-20122-00,2,"AWS, AZURE",2
FUID-DELOI:00422-0584-00,2,"AWS, GCP",2
FUID-SPLUN:00430-0594-00,2,GCP,1
FUID-THENT:00433-0597-00,2,"AZURE, GCP",2
FUID-NETSC:00436-0601-00,2,GCP,1
FUID-ART:01987-19097-12,2,"AWS, AZURE",2
FUID-CERTI:07027-28622-00,2,AWS,1
FUID-ART:01987-19095-8,2,"AWS, AZURE",2
FUID-DUPLO:00448-0619-00,2,"AZURE, GCP",2
FUID-OPENL:01422-19085-00,2,"AWS, AZURE",2
FUID-PALAN:00692-19081-00,2,"AWS, AZURE",2
FUID-GLOBA:03081-10156-00,2,"AWS, AZURE",2
FUID-KDANM:08993-37200-00,2,"AWS, AZURE",2
FUID-BLUEB:08991-37198-00,2,AWS,1
FUID-MADAR:01072-10342-10,2,"AWS, AZURE",2
FUID-SIGIL:09115-37415-00,2,"AWS, AZURE",2
FUID-ABACU:00663-1218-00,2,"AZURE, GCP",2
FUID-COMMV:00825-9845-00,2,"AWS, AZURE",2
FUID-INSIG:02914-9480-00,2,"AWS, AZURE",2
FUID-SILVE:03805-18346-00,2,"AWS, AZURE",2
FUID-HOSST:00723-9475-00,2,"AWS, AZURE",2
FUID-REDHA:01014-36405-7,2,AZURE,1
FUID-ABSTR:00777-1529-00,2,"AWS, GCP",2
FUID-TENAB:01186-56517-00,2,AZURE,1
FUID-COBWE:12276-65131-00,2,AZURE,1
FUID-TRADE:05348-45712-00,2,AZURE,1
FUID-JOHNS:04791-18577-00,2,"AWS, AZURE",2
FUID-1TOUC:00664-1221-00,2,"AZURE, GCP",2
FUID-HOSST:00723-36867-00,2,"AWS, AZURE",2
FUID-CONSO:06713-27446-00,2,AZURE,1
FUID-DYNAT:00592-1005-00,2,"AZURE, GCP",2
FUID-HOSST:00723-36846-00,2,"AWS, AZURE",2
FUID-MADAR:01072-10328-10,2,"AWS, AZURE",2
FUID-CONTE:08935-36845-00,2,AWS,1
FUID-APPS4:00107-1021-2019,2,"AZURE, GCP",2
FUID-NETSK:00861-9837-00,2,"AWS, AZURE",2
FUID-SOUTH:00688-36842-00,2,"AWS, AZURE",2
FUID-ZS:00599-1024-00,2,"AWS, GCP",2
FUID-REDHA:01014-9830-00,2,AWS,1
FUID-APPS4:00107-27452-22.04,2,AZURE,1
FUID-ECOEF:15845-63208-00,2,AZURE,1
FUID-HOSST:00723-18737-00,2,"AWS, AZURE",2
FUID-衛武資訊股:11345-46161-00,2,AZURE,1
FUID-ADYA:06276-54409-00,2,AZURE,1
FUID-HOSST:00723-18729-00,2,"AWS, AZURE",2
FUID-EDGEN:02954-9813-00,2,"AWS, AZURE",2
FUID-AKAMA:02396-36415-00,2,AZURE,1
FUID-APPS4:00107-1513-20.04,2,"AZURE, GCP",2
FUID-KNIME:02918-9487-00,2,"AWS, AZURE",2
FUID-INTAP:06335-56480-00,2,AZURE,1
FUID-PCLOU:00218-36292-00,2,AZURE,1
FUID-BRAIN:11888-48075-00,2,AZURE,1
FUID-APPS4:00107-1656-2022,2,"AZURE, GCP",2
FUID-NETWR:06506-26998-00,2,AZURE,1
FUID-MARCO:08268-45717-00,2,AZURE,1
FUID-PERFO:01865-18208-9,2,"AWS, AZURE",2
FUID-NESSD:04960-29427-00,2,AWS,1
FUID-PCLOU:00218-36268-00,2,AZURE,1
FUID-BANSI:02130-54016-8.3,2,AZURE,1
FUID-THOUG:00080-1241-00,2,"AWS, GCP",2
FUID-TALEN:02814-9439-00,2,"AWS, AZURE",2
FUID-RECOR:02911-9456-00,2,"AWS, AZURE",2
FUID-PERFO:01865-18399-9,2,"AWS, AZURE",2
FUID-INFRA:00476-36467-00,2,AZURE,1
FUID-INTAP:06335-56448-00,2,AZURE,1
FUID-APPS4:00107-1458-11,2,"AZURE, GCP",2
FUID-TAILS:03947-36463-00,2,AZURE,1
FUID-FLASH:00756-1463-00,2,"AWS, GCP",2
FUID-UNLEA:06567-27149-00,2,"AWS, AZURE",2
FUID-INTAP:06335-54100-00,2,AZURE,1
FUID-FASTA:02811-36453-00,2,"AWS, AZURE",2
FUID-BMCSO:00761-1481-00,2,"AWS, GCP",2
FUID-RESIS:00763-1484-00,2,"AWS, GCP",2
FUID-ANARI:00406-1487-7.5.1,2,"AZURE, GCP",2
FUID-ACRON:02919-9504-00,2,"AWS, AZURE",2
FUID-GMANA:11247-45858-00,2,AZURE,1
FUID-GOML:05479-29285-00,2,AWS,1
FUID-VENDI:09507-38712-00,2,AWS,1
FUID-FLYWH:00615-1058-00,2,"AZURE, GCP",2
FUID-COLLA:02922-9806-00,2,"AWS, AZURE",2
FUID-KONG:00579-0975-00,2,"AWS, GCP",2
FUID-APPS4:00107-1072-2016,2,"AZURE, GCP",2
FUID-HACKE:04826-18701-00,2,"AWS, AZURE",2
FUID-MPHAS:03333-20533-5,2,"AWS, AZURE",2
FUID-VERIT:01574-9792-00,2,"AWS, AZURE",2
FUID-ALTAI:00671-20593-00,2,"AWS, AZURE",2
FUID-JOHNS:04791-18632-00,2,"AWS, AZURE",2
FUID-PHILT:00970-20596-00,2,"AWS, AZURE",2
FUID-C3:02106-20601-00,2,"AWS, AZURE",2
FUID-MONTE:04817-18624-00,2,"AWS, AZURE",2
FUID-NUDGE:09558-38809-00,2,"AWS, AZURE",2
FUID-COHER:01124-18621-A100,2,AWS,1
FUID-MENTA:16578-64867-00,2,AZURE,1
FUID-APPS4:00107-1185-11,2,"AZURE, GCP",2
FUID-STREE:06823-54300-00,2,AZURE,1
FUID-APPS4:00107-1189-11,2,"AZURE, GCP",2
FUID-KCLOU:02068-63107-00,2,AZURE,1
FUID-FAROS:06668-27328-00,2,"AWS, AZURE",2
FUID-APPS4:00107-1198-11,2,"AZURE, GCP",2
FUID-LOGIC:00657-1199-00,2,"AZURE, GCP",2
FUID-ATLAN:00659-1201-00,2,"AZURE, GCP",2
FUID-YARKE:09573-38835-00,2,"AWS, AZURE",2
FUID-ROLLB:00660-1204-00,2,"AZURE, GCP",2
FUID-PCLOU:00218-36683-00,2,AZURE,1
FUID-INTER:03493-11537-00,2,"AWS, AZURE",2
FUID-REPLI:00661-1208-00,2,"AWS, GCP",2
FUID-ELVEN:09580-38843-00,2,"AWS, AZURE",2
FUID-VALIM:08913-36674-00,2,AZURE,1
FUID-TERAD:00561-0980-00,2,"AZURE, GCP",2
FUID-MANGO:00578-0974-00,2,"AWS, GCP",2
FUID-TIGER:00616-1062-00,2,"AWS, GCP",2
FUID-RESHE:00577-0972-00,2,"AWS, GCP",2
FUID-TREDE:05163-20521-00,2,AWS,1
FUID-ZS:00599-1067-00,2,"AWS, GCP",2
FUID-APPS4:00107-1033-11,2,"AZURE, GCP",2
FUID-HOSST:00723-36869-00,2,"AWS, AZURE",2
FUID-HOSST:00723-36870-00,2,"AWS, AZURE",2
FUID-TECRA:03459-11399-00,2,AWS,1
FUID-FEEDY:16522-64679-00,2,AZURE,1
FUID-MAPLE:05600-72802-00,2,AZURE,1
FUID-CONTR:04059-18831-00,2,"AWS, AZURE",2
FUID-HEXAG:06477-64683-00,2,AZURE,1
FUID-HCL:02066-56040-00,2,AZURE,1
FUID-TESTR:11366-46244-00,2,AZURE,1
FUID-COGNO:01048-46242-00,2,AZURE,1
FUID-COGNO:01048-46241-10.0,2,AZURE,1
FUID-APPS4:00107-0931-2022,2,"AZURE, GCP",2
FUID-REDHA:01014-36922-00,2,AWS,1
FUID-BEESA:11721-47617-00,2,AZURE,1
FUID-PCLOU:00218-27489-00,2,AZURE,1
FUID-COHER:01124-18804-3.5,2,"AWS, AZURE",2
FUID-CITIU:05671-38622-00,2,"AWS, AZURE",2
FUID-HOSST:00723-36903-00,2,"AWS, AZURE",2
FUID-HOSST:00723-36902-00,2,"AWS, AZURE",2
FUID-HOSST:00723-36901-00,2,"AWS, AZURE",2
FUID-TERAD:00561-64718-00,2,AZURE,1
FUID-NEO4J:00397-18789-00,2,"AWS, AZURE",2
FUID-ONTOT:00475-0966-00,2,"AZURE, GCP",2
FUID-OCIEN:00573-0967-00,2,"AWS, GCP",2
FUID-SEKOI:05263-20970-00,2,"AWS, AZURE",2
FUID-ANARI:00406-1645-4.0.0,2,"AZURE, GCP",2
FUID-CLOUD:00815-1642-00,2,"AWS, GCP",2
FUID-SEDET:06602-64193-12,2,AZURE,1
FUID-CITIU:05671-46709-00,2,AZURE,1
FUID-JINA:01884-19883-2,2,"AWS, AZURE",2
FUID-SPACE:00221-0297-00,2,AZURE,1
FUID-RESOU:06966-28427-00,2,"AWS, AZURE",2
FUID-QUANT:03200-10407-00,2,"AWS, AZURE",2
FUID-VIRTU:09274-38055-00,2,"AWS, AZURE",2
FUID-IBMSO:02537-19896-00,2,"AWS, AZURE",2
FUID-CYGNA:02539-10402-sv20,2,"AWS, AZURE",2
FUID-DATAP:11473-46693-00,2,AZURE,1
FUID-ELITE:00240-0317-00,2,AZURE,1
FUID-IBASE:00241-0318-00,2,"AWS, AZURE",2
FUID-THEOM:03194-10392-00,2,"AWS, AZURE",2
FUID-AVANT:03193-10390-00,2,"AWS, AZURE",2
FUID-QUANT:08261-47184-00,2,AZURE,1
FUID-IMMER:09142-37471-00,2,AWS,1
FUID-CONGA:02079-10937-00,2,AWS,1
FUID-EXPER:09477-38588-00,2,"AWS, AZURE",2
FUID-INFRA:00476-0908-24.04,2,"AWS, GCP",2
FUID-ELAST:00499-0909-00,2,"AWS, GCP",2
FUID-KCLOU:02068-27228-00,2,AZURE,1
FUID-APPS4:00107-1347-22.04,2,"AZURE, GCP",2
FUID-ACCRE:07137-29182-00,2,AWS,1
FUID-ONLIN:00724-1360-00,2,"AWS, GCP",2
FUID-BUSIN:00729-1374-00,2,"AWS, GCP",2
FUID-FEENI:00730-1379-00,2,"AZURE, GCP",2
FUID-DECYP:00369-1380-00,2,"AZURE, GCP",2
FUID-IVANT:00455-36534-00,2,AZURE,1
FUID-SPECT:02687-10424-00,2,"AWS, AZURE",2
FUID-VIRTR:01249-28410-00,2,"AWS, AZURE",2
FUID-TINYB:00734-1388-00,2,"AWS, GCP",2
FUID-KCLOU:02068-59617-00,2,AZURE,1
FUID-MADAR:01072-10327-10,2,"AWS, AZURE",2
FUID-MADAR:01072-10326-8,2,AWS,1
FUID-AMAZO:02462-19980-00,2,AWS,1
FUID-MADAR:01072-10324-22.04,2,"AWS, AZURE",2
FUID-IVANT:00455-46627-00,2,AZURE,1
FUID-AVANT:03193-38154-00,2,"AWS, AZURE",2
FUID-VOTEE:09309-38162-00,2,"AWS, AZURE",2
FUID-DNANE:00314-0421-00,2,"AWS, AZURE",2
FUID-VEGA:09107-37383-00,2,AWS,1
FUID-JINA:01884-20000-1.5b,2,"AWS, AZURE",2
FUID-COREN:02986-37379-00,2,"AWS, AZURE",2
FUID-COHER:01124-20003-082024,2,AWS,1
FUID-COHER:01124-20004-082024,2,AWS,1
FUID-AMAZO:02462-20014-2,2,AWS,1
FUID-FORTA:01561-10295-00,2,"AWS, AZURE",2
FUID-BCLOU:00337-0444-00,2,GCP,1
FUID-MAKON:14854-55651-00,2,AZURE,1
FUID-DXC:02786-28475-00,2,AWS,1
FUID-CONTE:02964-9927-00,2,"AWS, AZURE",2
FUID-AMAZO:02462-19945-00,2,AWS,1
FUID-FORMS:09140-37469-00,2,"AWS, AZURE",2
FUID-SECUL:11492-46748-00,2,AZURE,1
FUID-GEVER:05612-27980-00,2,"AWS, AZURE",2
FUID-GEVER:05612-27979-00,2,"AWS, AZURE",2
FUID-COGNO:01048-55481-7,2,AZURE,1
FUID-LEENA:06956-28399-00,2,"AWS, AZURE",2
FUID-APPS4:00107-55487-20.04,2,AZURE,1
FUID-APPS4:00107-1384-11,2,"AZURE, GCP",2
FUID-SCALE:00487-1398-00,2,"AWS, GCP",2
FUID-BETTE:06520-27023-00,2,AZURE,1
FUID-PTBOT:11292-46002-00,2,AZURE,1
FUID-COGNO:01048-46256-latest,2,AZURE,1
FUID-COGNO:01048-56312-22.04,2,AZURE,1
FUID-COGNO:01048-56313-20.04,2,AZURE,1
FUID-SOPHO:01141-36614-00,2,AZURE,1
FUID-SUSE:00378-36613-00,2,AZURE,1
FUID-CREST:00694-1297-00,2,"AWS, GCP",2
FUID-AXWAY:06632-27263-00,2,"AWS, AZURE",2
FUID-COGNO:01048-56328-18.04,2,AZURE,1
FUID-KNIME:02918-18518-00,2,"AWS, AZURE",2
FUID-COGNO:01048-56330-22.04,2,AZURE,1
FUID-HEXAG:06578-27164-00,2,AZURE,1
FUID-PRIME:07156-29253-00,2,"AWS, AZURE",2
FUID-PERFO:01865-18401-22.04,2,"AWS, AZURE",2
FUID-PERFO:01865-18400-9,2,"AWS, AZURE",2
FUID-BANSI:02130-54013-8.7,2,AZURE,1
FUID-STRII:00547-1579-00,2,"AZURE, GCP",2
FUID-APPS4:00107-1591-20.04,2,"AZURE, GCP",2
FUID-ROCKE:02897-9415-00,2,"AWS, AZURE",2
FUID-SELEF:02895-9413-00,2,"AWS, AZURE",2
FUID-UIURB:11219-45775-00,2,AZURE,1
FUID-GREML:01678-27049-00,2,AZURE,1
FUID-BCLOU:00337-36329-00,2,AZURE,1
FUID-PROPH:00806-1619-00,2,"AWS, GCP",2
FUID-SPIRE:04658-18251-00,2,"AWS, AZURE",2
FUID-MULTI:14417-53963-00,2,AZURE,1
FUID-SILVE:03805-18246-00,2,"AWS, AZURE",2
FUID-OPENT:00714-65198-00,2,AZURE,1
FUID-TERAD:00561-18540-00,2,"AWS, AZURE",2
FUID-FLEXE:02947-38892-00,2,"AWS, AZURE",2
FUID-BARRA:01161-9610-00,2,"AWS, AZURE",2
FUID-COHER:01124-18545-H100,2,AWS,1
FUID-EMOPT:07146-29227-00,2,AWS,1
FUID-CATON:02650-9559-00,2,"AWS, AZURE",2
FUID-GIGAM:00537-1412-00,2,"AWS, GCP",2
FUID-BECHT:03694-29232-00,2,AWS,1
FUID-WILDM:14480-54136-00,2,AZURE,1
FUID-ZETTA:00742-1422-00,2,"AZURE, GCP",2
FUID-WORKS:01976-36496-00,2,AZURE,1
FUID-ATHIN:02588-54128-00,2,AZURE,1
FUID-PCLOU:00218-36493-00,2,AZURE,1
FUID-NETSK:00861-9546-00,2,AWS,1
FUID-CONFI:06581-27170-00,2,AZURE,1
FUID-COLLA:02922-9539-00,2,"AWS, AZURE",2
FUID-SILVE:03805-18435-00,2,"AWS, AZURE",2
FUID-STRII:00547-1318-00,2,"AWS, GCP",2
FUID-CABEM:06626-27253-00,2,AZURE,1
FUID-HYMDL:09599-38920-00,2,"AWS, AZURE",2
FUID-DATAE:00669-1242-00,2,"AWS, GCP",2
FUID-INFRA:00476-36652-00,2,AZURE,1
FUID-SAMBA:01927-18564-00,2,"AWS, AZURE",2
FUID-INTEN:00674-1256-00,2,"AZURE, GCP",2
FUID-DEEPJ:06642-27285-00,2,AZURE,1
FUID-MATER:00675-1258-00,2,"AZURE, GCP",2
FUID-ADOBE:00676-1259-00,2,"AZURE, GCP",2
FUID-PCLOU:00218-36639-00,2,AZURE,1
FUID-DATAI:00425-18551-00,2,"AWS, AZURE",2
FUID-DECUB:00679-1271-00,2,"AWS, GCP",2
FUID-JOHNS:04791-18547-00,2,"AWS, AZURE",2
FUID-BITNA:00344-5598-00,2,"AZURE, GCP",2
FUID-CHERW:02013-6991-00,2,"AWS, AZURE",2
FUID-CUBEB:01303-5587-00,2,"AZURE, GCP",2
FUID-SCYLL:00849-2356-00,2,"AWS, GCP",2
FUID-IVANT:00455-56880-00,2,AZURE,1
FUID-CLOUD:01547-45493-00,2,AZURE,1
FUID-ISLAN:08184-35989-00,2,"AWS, AZURE",2
FUID-JMINF:00902-1981-00,2,"AWS, GCP",2
FUID-ROGO:07248-29658-00,2,"AWS, AZURE",2
FUID-STREA:11086-45380-00,2,AZURE,1
FUID-NURAS:06361-26668-00,2,AZURE,1
FUID-FOUND:02061-17791-9,2,AWS,1
FUID-MINIO:02767-8836-00,2,"AWS, AZURE",2
FUID-WASSA:07301-29909-00,2,"AWS, AZURE",2
FUID-THING:00589-39803-00,2,"AWS, AZURE",2
FUID-EQUIX:06311-26554-00,2,"AWS, AZURE",2
FUID-CHALK:01012-2357-00,2,"AWS, GCP",2
FUID-INDUC:09878-39799-00,2,"AWS, AZURE",2
FUID-SPEKT:00919-26603-00,2,AZURE,1
FUID-VOLO:07296-29902-00,2,"AWS, AZURE",2
FUID-MYABC:11032-45258-00,2,AZURE,1
FUID-INFRA:00476-2350-24.04,2,"AZURE, GCP",2
FUID-APPS4:00107-2349-22.04,2,"AZURE, GCP",2
FUID-TIDAL:00029-71530-8.4,2,AZURE,1
FUID-AIRBY:01005-2341-00,2,"AWS, GCP",2
FUID-BITNA:00344-2336-00,2,"AZURE, GCP",2
FUID-BITNA:00344-2329-00,2,"AZURE, GCP",2
FUID-AODN:05359-21491-00,2,AWS,1
FUID-BANSI:02130-35687-7.8,2,AZURE,1
FUID-MISTR:00982-2318-3.1,2,"AZURE, GCP",2
FUID-SUGER:01217-29877-00,2,"AWS, AZURE",2
FUID-ATHIN:02588-26580-00,2,AZURE,1
FUID-INFRA:00476-35983-00,2,AZURE,1
FUID-CISCO:01191-35982-00,2,AZURE,1
FUID-SERVI:06395-26781-00,2,AZURE,1
FUID-INFRA:00476-35980-00,2,AZURE,1
FUID-KORE:04681-18001-00,2,"AWS, AZURE",2
FUID-KORE:04681-18002-00,2,"AWS, AZURE",2
FUID-KORE:04681-18003-00,2,"AWS, AZURE",2
FUID-MPHAS:03333-21187-00,2,AWS,1
FUID-KCLOU:02068-26829-00,2,AZURE,1
FUID-INTAP:06335-53739-00,2,AZURE,1
FUID-FIVET:00887-1910-00,2,"AZURE, GCP",2
FUID-UBISE:09767-39425-00,2,"AWS, AZURE",2
FUID-YASEE:00884-1905-9,2,"AZURE, GCP",2
FUID-SOFTW:03224-12074-00,2,AWS,1
FUID-FPTIS:02425-71860-00,2,AZURE,1
FUID-SOFTW:03224-12075-00,2,AWS,1
FUID-IYARN:06412-26787-00,2,AZURE,1
FUID-REDHA:01014-9088-7,2,AWS,1
FUID-SCALE:04690-17926-00,2,"AWS, AZURE",2
FUID-ISOVA:02803-9090-00,2,"AWS, AZURE",2
FUID-DATAD:01596-17928-00,2,"AWS, AZURE",2
FUID-PANZU:00792-2016-8.5.0,2,"AZURE, GCP",2
FUID-PROMP:04693-17932-00,2,"AWS, AZURE",2
FUID-APPS4:00107-2010-20.04,2,"AZURE, GCP",2
FUID-合肥安永信:11926-48288-00,2,AZURE,1
FUID-ANARI:00406-2006-0.82.0,2,"AZURE, GCP",2
FUID-REALV:16404-71828-00,2,AZURE,1
FUID-PYPES:00912-2027-00,2,"AWS, GCP",2
FUID-STARB:00618-2004-00,2,"AWS, GCP",2
FUID-AVIAT:00363-9103-00,2,"AWS, AZURE",2
FUID-BCLOU:00337-1996-00,2,"AZURE, GCP",2
FUID-KONG:00579-8875-00,2,AWS,1
FUID-APPS4:00107-2371-2019,2,"AZURE, GCP",2
FUID-POSID:19602-71507-00,2,AZURE,1
FUID-WEBAL:06340-26620-00,2,"AWS, AZURE",2
FUID-BCLOU:00337-2239-00,2,"AZURE, GCP",2
FUID-AMPER:00969-2238-00,2,"AZURE, GCP",2
FUID-SMART:11061-45331-00,2,AZURE,1
FUID-BCLOU:00337-57064-00,2,AZURE,1
FUID-ANITI:04621-17747-00,2,"AWS, AZURE",2
FUID-PCLOU:00218-35778-00,2,AZURE,1
FUID-QUANT:06339-26619-00,2,AZURE,1
FUID-BCLOU:00337-57057-00,2,AZURE,1
FUID-BAYER:02240-26638-00,2,AZURE,1
FUID-BENTO:00961-2212-00,2,"AWS, GCP",2
FUID-BCLOU:00337-57048-00,2,AZURE,1
FUID-REDHA:01014-35795-00,2,AZURE,1
FUID-HOSST:00723-8953-00,2,"AWS, AZURE",2
FUID-TIDAL:00029-8954-10,2,"AWS, AZURE",2
FUID-MARKE:14269-53529-00,2,AZURE,1
FUID-FOUND:02061-17779-9,2,AWS,1
FUID-ESRI:02595-35808-00,2,AZURE,1
FUID-BCLOU:00337-57025-00,2,AZURE,1
FUID-BARRA:01161-35782-00,2,AZURE,1
FUID-BLOOM:02609-8287-00,2,"AWS, AZURE",2
FUID-ROHIR:06338-26617-00,2,AZURE,1
FUID-CLAZA:01485-29836-00,2,"AWS, AZURE",2
FUID-COLLI:00651-2300-00,2,"AWS, GCP",2
FUID-AWS:05343-21468-00,2,AWS,1
FUID-INFRA:00476-2292-20.04,2,"AWS, GCP",2
FUID-EDGEB:14239-53461-00,2,AZURE,1
FUID-ENGAG:02116-57109-00,2,AZURE,1
FUID-IMMUT:07285-29827-00,2,"AWS, AZURE",2
FUID-REDHA:01014-39716-00,2,AWS,1
FUID-JAMF:04235-39813-00,2,"AWS, AZURE",2
FUID-SECUR:00920-2246-00,2,"AWS, GCP",2
FUID-NETAP:00376-8833-00,2,"AWS, AZURE",2
FUID-UCBOS:05722-26509-00,2,"AWS, AZURE",2
FUID-BLUEF:05395-21560-00,2,"AWS, AZURE",2
FUID-BCLOU:00337-57211-00,2,AZURE,1
FUID-REDHA:01014-17596-00,2,AWS,1
FUID-TULIP:06507-39853-00,2,"AWS, AZURE",2
FUID-SPEEC:11016-45220-00,2,AZURE,1
FUID-KCLOU:02068-62292-00,2,AZURE,1
FUID-PCLOU:00218-62294-00,2,AZURE,1
FUID-WORKF:14221-53384-00,2,AZURE,1
FUID-TIDAL:00029-39838-10,2,"AWS, AZURE",2
FUID-BOARD:08743-35703-00,2,AZURE,1
FUID-TIDAL:00029-71481-10,2,AZURE,1
FUID-FOXIT:08311-35631-00,2,AZURE,1
FUID-HIGHB:09881-39832-00,2,"AWS, AZURE",2
FUID-BRIGH:02496-21533-00,2,AWS,1
FUID-ATHIN:02588-35638-00,2,AZURE,1
FUID-BANSI:02130-8821-18.04,2,AWS,1
FUID-VEEAM:02452-8829-22.1,2,"AWS, AZURE",2
FUID-BITNA:00344-2383-00,2,"AZURE, GCP",2
FUID-INFRA:00476-71500-00,2,AZURE,1
FUID-HOSST:00723-39816-00,2,"AWS, AZURE",2
FUID-K2VIE:01017-2377-00,2,"AZURE, GCP",2
FUID-CISCO:01191-35630-00,2,AZURE,1
FUID-TIDAL:00029-8879-20.04,2,"AWS, AZURE",2
FUID-NETAP:00376-2304-00,2,"AZURE, GCP",2
FUID-BCLOU:00337-35709-00,2,AZURE,1
FUID-LIQUI:08775-36039-00,2,AZURE,1
FUID-PCLOU:00218-26821-00,2,AZURE,1
FUID-PCLOU:00218-62593-00,2,AZURE,1
FUID-AAGYN:15230-57557-00,2,AZURE,1
FUID-BITNA:00344-2894-00,2,"AZURE, GCP",2
FUID-BITNA:00344-2895-00,2,"AZURE, GCP",2
FUID-LITES:01057-2898-00,2,"AWS, GCP",2
FUID-FILEC:06326-40288-00,2,"AWS, AZURE",2
FUID-INFRA:00476-35091-00,2,AZURE,1
FUID-PLESK:01065-2954-00,2,"AZURE, GCP",2
FUID-RADSE:02674-8400-00,2,AWS,1
FUID-BITNA:00344-2950-00,2,"AZURE, GCP",2
FUID-OASIS:02675-8401-00,2,"AWS, AZURE",2
FUID-LINEA:02677-8404-00,2,AWS,1
FUID-SEISM:01066-2945-00,2,"AZURE, GCP",2
FUID-PLESK:01065-2938-00,2,"AZURE, GCP",2
FUID-BITNA:00344-2935-00,2,"AZURE, GCP",2
FUID-BITNA:00344-2934-00,2,"AZURE, GCP",2
FUID-NEEDL:05486-21991-00,2,"AWS, AZURE",2
FUID-BITNA:00344-2933-00,2,"AZURE, GCP",2
FUID-SPECT:02687-8415-00,2,"AWS, AZURE",2
FUID-ACTWI:02688-8416-00,2,AWS,1
FUID-MOGEA:05848-26176-00,2,AWS,1
FUID-HOSST:00723-2924-00,2,"AZURE, GCP",2
FUID-KCLOU:02068-57633-00,2,AZURE,1
FUID-LUMAP:01064-2922-00,2,"AZURE, GCP",2
FUID-KALEI:06250-40304-00,2,"AWS, AZURE",2
FUID-BITNA:00344-2911-00,2,"AZURE, GCP",2
FUID-IRONM:04588-21950-00,2,"AWS, AZURE",2
FUID-UNIFY:08604-35137-00,2,AZURE,1
FUID-PCLOU:00218-61931-00,2,AZURE,1
FUID-ASKFO:01986-53056-10,2,AZURE,1
FUID-MONGO:00639-8471-00,2,AWS,1
FUID-CLOUD:03313-17582-00,2,AWS,1
FUID-SCALE:04690-21901-00,2,"AWS, AZURE",2
FUID-VOLEA:02627-8310-00,2,"AWS, AZURE",2
FUID-IVANT:00455-48936-00,2,AZURE,1
FUID-DIALP:01096-3066-00,2,"AZURE, GCP",2
FUID-HOSST:00723-8313-00,2,"AWS, AZURE",2
FUID-PERSZ:08562-34996-00,2,AZURE,1
FUID-CYWAR:02631-8316-00,2,"AWS, AZURE",2
FUID-FORMO:15248-57763-00,2,AZURE,1
FUID-KCLOU:02068-57539-00,2,AZURE,1
FUID-BCLOU:00337-35079-00,2,AZURE,1
FUID-KCLOU:02068-57665-00,2,AZURE,1
FUID-HOSST:00723-2892-00,2,"AZURE, GCP",2
FUID-RAPID:05477-21938-00,2,"AWS, AZURE",2
FUID-REDHA:01014-8441-00,2,AWS,1
FUID-AUDIO:01178-35161-00,2,AZURE,1
FUID-PCLOU:00218-35163-00,2,AZURE,1
FUID-LITES:01057-2872-00,2,"AWS, GCP",2
FUID-ASANA:09927-40265-00,2,"AWS, AZURE",2
FUID-PCLOU:00218-35170-00,2,AZURE,1
FUID-PCLOU:00218-35171-00,2,AZURE,1
FUID-ESGBO:01055-2863-00,2,"AWS, GCP",2
FUID-PCLOU:00218-35172-00,2,AZURE,1
FUID-SUPER:05016-21922-00,2,AWS,1
FUID-OPENE:08257-57591-15,2,AZURE,1
FUID-OPENE:08257-57590-24.04,2,AZURE,1
FUID-TRANS:07382-30272-00,2,"AWS, AZURE",2
FUID-DATAD:01596-21911-00,2,"AWS, AZURE",2
FUID-PCLOU:00218-35194-00,2,AZURE,1
FUID-RIVER:02740-17579-flexvnf,2,"AWS, AZURE",2
FUID-HOSST:00723-29955-00,2,"AWS, AZURE",2
FUID-PCLOU:00218-26820-00,2,AZURE,1
FUID-BANSI:02130-35855-11,2,AZURE,1
FUID-TABLE:05951-35857-00,2,AZURE,1
FUID-HTCD:07271-29749-00,2,"AWS, AZURE",2
FUID-BRAND:06372-26695-00,2,AZURE,1
FUID-BANSI:02130-35950-8.5,2,AZURE,1
FUID-ACCEL:00933-2136-00,2,"AWS, GCP",2
FUID-BAYER:02240-56980-00,2,AZURE,1
FUID-APPS4:00107-2121-22.04,2,"AZURE, GCP",2
FUID-AVIAT:00363-9019-00,2,"AWS, AZURE",2
FUID-CUMUL:00546-39595-00,2,"AWS, AZURE",2
FUID-BCLOU:00337-56961-00,2,AZURE,1
FUID-BCLOU:00337-56960-00,2,AZURE,1
FUID-FIRST:16920-65531-00,2,AZURE,1
FUID-RIDGE:05027-29723-00,2,AWS,1
FUID-KORE:04681-17866-00,2,"AWS, AZURE",2
FUID-EKIME:00928-2091-00,2,"AZURE, GCP",2
FUID-HYPER:00632-2133-00,2,"AWS, GCP",2
FUID-BASIS:04669-17807-00,2,"AWS, AZURE",2
FUID-BLACK:09813-39525-00,2,"AWS, AZURE",2
FUID-ASKFO:01986-45476-11,2,AZURE,1
FUID-SOFTW:03224-12073-00,2,AWS,1
FUID-SOFTW:03224-12072-00,2,AWS,1
FUID-SOFTW:03224-12071-00,2,AWS,1
FUID-Y42:00896-1957-42,2,"AWS, GCP",2
FUID-LIGAD:06455-56843-00,2,AZURE,1
FUID-IBMSO:02537-9146-00,2,"AWS, AZURE",2
FUID-ATTAC:02659-62587-00,2,AZURE,1
FUID-INFRA:00476-26816-00,2,AZURE,1
FUID-INFRA:00476-35856-00,2,AZURE,1
FUID-TERAM:02800-9005-00,2,"AWS, AZURE",2
FUID-KORE:04681-17873-00,2,"AWS, AZURE",2
FUID-PCLOU:00218-62464-00,2,AZURE,1
FUID-HOOTS:09832-39572-00,2,"AWS, AZURE",2
FUID-KORE:04681-17874-00,2,"AWS, AZURE",2
FUID-HYPER:00632-2082-00,2,"AWS, GCP",2
FUID-INFRA:00476-35909-00,2,AZURE,1
FUID-KRATI:06355-26729-00,2,AZURE,1
FUID-SEMAR:00926-2078-00,2,"AZURE, GCP",2
FUID-SPLAS:11940-48327-00,2,AZURE,1
FUID-TRUEE:00925-2073-00,2,"AWS, GCP",2
FUID-COGIN:00923-2071-00,2,"AWS, GCP",2
FUID-WEBSO:02553-29707-00,2,"AWS, AZURE",2
FUID-BCLOU:00337-56938-00,2,AZURE,1
FUID-BCLOU:00337-56937-00,2,AZURE,1
FUID-PRIME:07156-29703-00,2,"AWS, AZURE",2
FUID-INTAP:06335-26739-00,2,AZURE,1
FUID-VEEAM:02452-9059-00,2,"AWS, AZURE",2
FUID-EPAY:06392-26745-00,2,"AWS, AZURE",2
FUID-COGNO:01048-71790-00,2,AZURE,1
FUID-START:00918-2049-00,2,"AZURE, GCP",2
FUID-BIRLA:06239-56917-00,2,AZURE,1
FUID-INFOS:02446-29681-00,2,"AWS, AZURE",2
FUID-KORE:04681-17872-00,2,"AWS, AZURE",2
FUID-KORE:04681-17871-00,2,"AWS, AZURE",2
FUID-KORE:04681-17870-00,2,"AWS, AZURE",2
FUID-KORE:04681-17869-00,2,"AWS, AZURE",2
FUID-CONSO:11090-45388-00,2,AZURE,1
FUID-REACH:02326-26689-00,2,AZURE,1
FUID-SOLAR:03956-29754-00,2,"AWS, AZURE",2
FUID-CORRE:11972-48446-00,2,AZURE,1
FUID-AMPER:00969-2275-00,2,"AZURE, GCP",2
FUID-BCLOU:00337-5580-00,2,"AZURE, GCP",2
FUID-BCLOU:00337-3603-00,2,"AZURE, GCP",2
FUID-CISCO:01191-8008-00,2,"AWS, AZURE",2
FUID-PROCO:02218-13054-8.10,2,AWS,1
FUID-REDHA:01014-13048-00,2,AWS,1
FUID-COGNO:07432-30671-19c,2,AWS,1
FUID-MIRO:07468-30669-00,2,"AWS, AZURE",2
FUID-BANSI:02130-8028-20.04,2,AWS,1
FUID-YEAST:07467-30666-00,2,"AWS, AZURE",2
FUID-F5:01411-13097-00,2,"AWS, AZURE",2
FUID-SINEF:05623-22432-00,2,"AWS, AZURE",2
FUID-COGNO:01048-70412-00,2,AZURE,1
FUID-TIGER:02600-44459-00,2,AZURE,1
FUID-NUVEM:02313-34497-9.4,2,AZURE,1
FUID-CUBEB:01303-3612-00,2,"AZURE, GCP",2
FUID-SOLAC:01297-3602-00,2,"AZURE, GCP",2
FUID-CONTE:02964-39738-00,2,"AWS, AZURE",2
FUID-ZABBI:03534-13145-00,2,"AWS, AZURE",2
FUID-WOWZA:01295-3599-00,2,"AZURE, GCP",2
FUID-SIBRO:01293-3595-00,2,"AWS, GCP",2
FUID-KCLOU:02016-22481-24.04,2,AWS,1
FUID-SYNCP:02517-7894-6,2,AWS,1
FUID-TRIAN:02531-7921-00,2,AWS,1
FUID-ATHIN:02588-34543-00,2,AZURE,1
FUID-MOONT:08391-34548-00,2,AZURE,1
FUID-WAYDE:05631-22447-00,2,"AWS, AZURE",2
FUID-KCLOU:02068-34557-00,2,AZURE,1
FUID-PLURA:01632-30738-00,2,"AWS, AZURE",2
FUID-TEAMV:01255-3548-00,2,"AZURE, GCP",2
FUID-ARMIS:01179-3541-00,2,"AWS, GCP",2
FUID-ARCHE:02701-30688-00,2,"AWS, AZURE",2
FUID-JETWA:01134-13069-00,2,"AWS, AZURE",2
FUID-CANON:01519-13078-16.04,2,"AWS, AZURE",2
FUID-PROCO:02218-13081-8,2,AWS,1
FUID-KCLOU:02068-34382-00,2,AZURE,1
FUID-AMAZO:02462-22607-00,2,AWS,1
FUID-CISCO:01191-3750-00,2,"AWS, GCP",2
FUID-VARNI:01340-3746-00,2,"AWS, GCP",2
FUID-NGINX:01164-3745-8,2,"AWS, GCP",2
FUID-VARNI:01340-3743-00,2,"AWS, GCP",2
FUID-SILVE:01345-3741-00,2,"AZURE, GCP",2
FUID-KNOWB:02513-7886-00,2,"AWS, AZURE",2
FUID-JINA:01884-22596-1,2,"AWS, AZURE",2
FUID-JINA:01884-22595-2,2,"AWS, AZURE",2
FUID-NGINX:01164-3729-22.04,2,"AWS, GCP",2
FUID-SWXTC:01341-3725-00,2,"AWS, GCP",2
FUID-NGINX:01164-3719-9,2,"AWS, GCP",2
FUID-NGINX:01164-3718-24.04,2,"AWS, GCP",2
FUID-SWXTC:01341-3717-00,2,"AWS, GCP",2
FUID-VARNI:01340-3715-6,2,"AWS, GCP",2
FUID-PEPLI:01339-3713-00,2,"AWS, GCP",2
FUID-VARNI:01340-3738-6,2,"AWS, GCP",2
FUID-SPCOM:05378-25975-00,2,AWS,1
FUID-BARRA:01161-7888-00,2,"AWS, AZURE",2
FUID-DATAS:02519-7898-00,2,"AWS, AZURE",2
FUID-UJET:01258-3530-00,2,"AWS, GCP",2
FUID-ZUPLO:05617-22426-00,2,"AWS, AZURE",2
FUID-CHECK:07474-30720-00,2,"AWS, AZURE",2
FUID-PROCO:02218-13092-8,2,AWS,1
FUID-PLATF:05613-22421-00,2,"AWS, AZURE",2
FUID-PROCO:02218-13084-8,2,AWS,1
FUID-PEGAS:01263-3540-00,2,"AWS, GCP",2
FUID-SOUTH:00688-30755-00,2,"AWS, AZURE",2
FUID-VIRTU:00216-52728-10,2,AZURE,1
FUID-ARMIS:01179-34907-00,2,AZURE,1
FUID-PCLOU:00218-34884-00,2,AZURE,1
FUID-PCLOU:00218-61788-00,2,AZURE,1
FUID-TRADE:05348-26023-00,2,AWS,1
FUID-SOPHO:01141-3199-00,2,"AZURE, GCP",2
FUID-MISTR:00982-3161-00,2,"AZURE, GCP",2
FUID-PROCO:02218-12862-8.10,2,AWS,1
FUID-COREL:01126-3158-00,2,"AWS, GCP",2
FUID-TECNO:10901-44708-00,2,AZURE,1
FUID-SIRIO:08532-34875-00,2,AZURE,1
FUID-HOSST:00723-34934-00,2,"AWS, AZURE",2
FUID-STORM:02484-8185-00,2,"AWS, AZURE",2
FUID-LINKE:00046-22218-00,2,"AWS, AZURE",2
FUID-MINDT:09977-40581-00,2,"AWS, AZURE",2
FUID-VIRTU:00216-52732-11,2,AZURE,1
FUID-FIS:08305-34955-00,2,AZURE,1
FUID-KCLOU:02068-61811-00,2,AZURE,1
FUID-NETAP:00376-8162-00,2,"AWS, AZURE",2
FUID-REALV:16404-70782-00,2,AZURE,1
FUID-DBT:01111-3128-00,2,"AZURE, GCP",2
FUID-KCLOU:02068-34937-00,2,AZURE,1
FUID-REALV:16404-70780-00,2,AZURE,1
FUID-AXWAY:06632-40474-00,2,"AWS, AZURE",2
FUID-VERAX:05528-22100-00,2,"AWS, AZURE",2
FUID-COGNO:07432-30436-focal24x7,2,AWS,1
FUID-PROCO:02218-12835-8,2,AWS,1
FUID-CIRRU:08519-34822-00,2,"AWS, AZURE",2
FUID-WOLKS:08555-34961-00,2,AZURE,1
FUID-NYMIZ:05540-22145-00,2,"AWS, AZURE",2
FUID-ALGOL:07439-30472-00,2,"AWS, AZURE",2
FUID-UBIQS:01175-3356-00,2,"AWS, GCP",2
FUID-PROCO:02218-12875-8.10,2,AWS,1
FUID-UNSTR:02280-22154-00,2,"AWS, AZURE",2
FUID-PCLOU:00218-61793-00,2,AZURE,1
FUID-TECHL:00545-3152-00,2,"AWS, GCP",2
FUID-IBMSE:02081-12858-7.5.0,2,"AWS, AZURE",2
FUID-BCLOU:00337-3204-00,2,"AZURE, GCP",2
FUID-QUEST:02215-34868-00,2,AZURE,1
FUID-PCLOU:00218-61794-00,2,AZURE,1
FUID-OPENT:00714-8204-00,2,"AWS, AZURE",2
FUID-STREA:17382-66313-00,2,AZURE,1
FUID-COGNO:07432-30436-20.04,2,AWS,1
FUID-PROCO:02218-12915-8.10,2,AWS,1
FUID-ILLUM:01197-34840-00,2,"AWS, AZURE",2
FUID-VERIT:03837-22206-00,2,"AWS, AZURE",2
FUID-VERIT:03837-22207-00,2,"AWS, AZURE",2
FUID-COGNO:07432-30432-18.04,2,AWS,1
FUID-CDW:03252-16984-00,2,AWS,1
FUID-SUBLI:02594-8256-00,2,"AWS, AZURE",2
FUID-TALVI:06708-66336-00,2,AZURE,1
FUID-BCLOU:00337-3203-00,2,"AZURE, GCP",2
FUID-OUTPA:05275-22210-00,2,AWS,1
FUID-NVIDI:00356-3154-00,2,"AZURE, GCP",2
FUID-CLOUD:07436-30460-14.04,2,AWS,1
FUID-APORI:01893-22155-00,2,"AWS, AZURE",2
FUID-APPS4:00107-3178-22.04,2,"AZURE, GCP",2
FUID-AERA:09962-40513-00,2,"AWS, AZURE",2
FUID-INFOR:07440-30478-00,2,"AWS, AZURE",2
FUID-INFOS:02446-40510-00,2,"AWS, AZURE",2
FUID-THOUS:01349-3764-00,2,"AZURE, GCP",2
FUID-RIVER:01338-3712-00,2,"AWS, GCP",2
FUID-AUDIO:01178-7821-00,2,"AWS, AZURE",2
FUID-DTI:10860-44585-00,2,AZURE,1
FUID-KCLOU:02068-44746-00,2,AZURE,1
FUID-A10NE:01174-3355-00,2,"AZURE, GCP",2
FUID-JUNIP:00342-3353-00,2,"AWS, GCP",2
FUID-BUILD:12120-49096-00,2,AZURE,1
FUID-KODEM:01173-3352-00,2,"AWS, GCP",2
FUID-SUPPO:02546-12992-8,2,"AWS, AZURE",2
FUID-SILVE:03805-16798-00,2,"AWS, AZURE",2
FUID-FORTI:00617-8042-00,2,"AWS, AZURE",2
FUID-CANON:01519-16751-20.04,2,"AWS, AZURE",2
FUID-AMAZO:02462-13024-00,2,AWS,1
FUID-SOUTH:00688-30644-00,2,"AWS, AZURE",2
FUID-PCLOU:00218-44541-00,2,AZURE,1
FUID-BCLOU:00337-34675-00,2,AZURE,1
FUID-ONESI:01211-3427-00,2,"AWS, GCP",2
FUID-ATHIN:02588-52625-00,2,AZURE,1
FUID-DELL:01357-16776-00,2,"AWS, AZURE",2
FUID-BMCSO:00761-3415-00,2,"AWS, GCP",2
FUID-ATHIN:02588-30626-00,2,"AWS, AZURE",2
FUID-SIERR:04562-16781-00,2,AWS,1
FUID-CLOUD:07436-30620-14.04,2,AWS,1
FUID-PALOA:00932-16786-00,2,"AWS, AZURE",2
FUID-KNOWB:02513-30616-00,2,"AWS, AZURE",2
FUID-CANON:01519-13000-18.04,2,"AWS, AZURE",2
FUID-EFFIV:15320-57988-00,2,AZURE,1
FUID-GUARD:01196-3391-00,2,"AZURE, GCP",2
FUID-PLAIN:01171-3350-00,2,"AWS, GCP",2
FUID-LINKS:01170-3349-00,2,"AZURE, GCP",2
FUID-ARMIS:01179-3361-00,2,"AWS, GCP",2
FUID-PROCO:02218-12979-8,2,AWS,1
FUID-ITCON:04584-16864-00,2,"AWS, AZURE",2
FUID-PROCO:02218-12982-8.10,2,AWS,1
FUID-INTAP:06335-26607-00,2,AZURE,1
FUID-ABNOR:02599-8915-00,2,"AWS, AZURE",2
FUID-MESH:05304-45309-00,2,AZURE,1
FUID-VODY:00978-2266-00,2,"AWS, GCP",2
FUID-CYGNA:02539-17716-20,2,"AWS, AZURE",2
FUID-INFRA:00476-26611-00,2,AZURE,1
FUID-PCLOU:00218-35741-00,2,AZURE,1
FUID-SPIRE:04658-17718-00,2,"AWS, AZURE",2
FUID-AMDOC:00471-12263-00,2,AWS,1
FUID-AMDOC:00471-12262-00,2,AWS,1
FUID-AMPER:00969-2259-00,2,"AZURE, GCP",2
FUID-APPS4:00107-2256-11,2,"AZURE, GCP",2
FUID-POINT:07286-29837-5,2,"AWS, AZURE",2
FUID-KCLOU:02068-26608-00,2,AZURE,1
FUID-ANARI:00406-3099-17,2,"AZURE, GCP",2
FUID-HOSST:00723-19632-00,2,"AWS, AZURE",2
FUID-IOANY:02046-8285-20.04,2,AWS,1
FUID-INTAP:06335-34716-00,2,AZURE,1
FUID-NGINX:01164-3383-8,2,"AWS, GCP",2
FUID-HOSST:00723-30603-00,2,"AWS, AZURE",2
FUID-REDHA:01014-8095-00,2,AWS,1
FUID-THORN:01189-3377-00,2,"AWS, GCP",2
FUID-LOOKO:01187-3374-00,2,"AWS, GCP",2
FUID-NOTIO:03611-30597-00,2,"AWS, AZURE",2
FUID-AODN:05359-25933-00,2,AWS,1
FUID-DEVO:01182-3369-00,2,"AWS, GCP",2
FUID-PROCO:02218-12983-8,2,AWS,1
FUID-SYNAC:01169-3348-00,2,"AZURE, GCP",2
FUID-VIRTU:00216-52715-7.9,2,AZURE,1
FUID-CUTOV:02488-7824-00,2,AWS,1
FUID-CLOUD:07436-30573-12,2,AWS,1
FUID-AI21:00968-3320-1.5,2,"AWS, GCP",2
FUID-BISMA:08073-44605-00,2,AZURE,1
FUID-PCLOU:00218-61701-00,2,AZURE,1
FUID-ITRS:04577-16853-00,2,"AWS, AZURE",2
FUID-AI21:00968-3306-1.5,2,"AWS, GCP",2
FUID-ONPAG:14026-52688-00,2,AZURE,1
FUID-SILVE:03805-16744-00,2,"AWS, AZURE",2
FUID-LOADB:00351-16742-00,2,"AWS, AZURE",2
FUID-ENSIG:09752-61625-00,2,AZURE,1
FUID-PACKE:01334-3702-00,2,"AZURE, GCP",2
FUID-DOMO:02490-7828-00,2,"AWS, AZURE",2
FUID-NGINX:01164-3699-9,2,"AWS, GCP",2
FUID-NGINX:01164-3698-22.04,2,"AWS, GCP",2
FUID-PCLOU:00218-44350-00,2,AZURE,1
FUID-OPTNE:03661-30836-00,2,AWS,1
FUID-REDHA:01014-7849-00,2,AWS,1
FUID-COWLA:08428-34449-00,2,AZURE,1
FUID-IBMSO:02537-34452-00,2,"AWS, AZURE",2
FUID-PCLOU:00218-44371-00,2,AZURE,1
FUID-CISCO:01191-7868-00,2,"AWS, AZURE",2
FUID-BANSI:02130-34464-18.04,2,AZURE,1
FUID-ADDIN:17564-66629-00,2,AZURE,1
FUID-TIDAL:00029-7882-10,2,"AWS, AZURE",2
FUID-KCLOU:02016-22517-24.04,2,AWS,1
FUID-BITMO:01314-3635-00,2,"AWS, GCP",2
FUID-BITMO:01314-3634-00,2,"AWS, GCP",2
FUID-NGINX:01164-3703-24.04,2,"AWS, GCP",2
FUID-KBQUE:02284-49075-00,2,AZURE,1
FUID-KONTE:10865-44600-00,2,AZURE,1
FUID-REDHA:01014-34787-00,2,AZURE,1
FUID-RIVER:02740-16835-00,2,"AWS, AZURE",2
FUID-NEXTU:00612-40604-00,2,"AWS, AZURE",2
FUID-PCLOU:00218-34793-00,2,AZURE,1
FUID-ZERON:05565-22239-00,2,"AWS, AZURE",2
FUID-HOSST:00723-40601-00,2,"AWS, AZURE",2
FUID-HOSST:00723-40600-00,2,"AWS, AZURE",2
FUID-HOSST:00723-40599-00,2,"AWS, AZURE",2
FUID-HOSST:00723-40598-00,2,"AWS, AZURE",2
FUID-HOSST:00723-40597-00,2,"AWS, AZURE",2
FUID-HOSST:00723-40596-00,2,"AWS, AZURE",2
FUID-HOSST:00723-40595-00,2,"AWS, AZURE",2
FUID-CLOUD:07436-30542-2016,2,AWS,1
FUID-KCLOU:02068-34807-20,2,AZURE,1
FUID-PCLOU:00218-34809-00,2,AZURE,1
FUID-PCLOU:00218-34810-00,2,AZURE,1
FUID-PCLOU:00218-34782-00,2,AZURE,1
FUID-PCLOU:00218-34777-00,2,AZURE,1
FUID-REDHA:01014-34775-00,2,AZURE,1
FUID-COGNO:07432-30557-24,2,AWS,1
FUID-DEVIC:03808-34741-00,2,AZURE,1
FUID-PCLOU:00218-61683-00,2,AZURE,1
FUID-MESHS:01162-3340-00,2,"AWS, GCP",2
FUID-SUPPL:08616-66395-00,2,AZURE,1
FUID-PCLOU:00218-61685-00,2,AZURE,1
FUID-RINGC:09994-40643-00,2,"AWS, AZURE",2
FUID-APPGA:01159-3335-00,2,"AZURE, GCP",2
FUID-HOSST:00723-3332-00,2,"AZURE, GCP",2
FUID-CONTR:04485-16745-00,2,"AWS, AZURE",2
FUID-CUEND:05375-26091-00,2,AWS,1
FUID-SCREE:12078-48937-00,2,AZURE,1
FUID-PIPEC:06192-26082-00,2,AWS,1
FUID-DOCUM:10467-43461-00,2,AZURE,1
FUID-CARDI:13278-51415-00,2,AZURE,1
FUID-REDHA:01014-14067-00,2,AWS,1
FUID-PCLOU:00218-59277-00,2,AZURE,1
FUID-DEBIA:01979-6871-11,2,"AWS, GCP",2
FUID-HOSST:00723-14060-00,2,"AWS, AZURE",2
FUID-SAHAR:08125-43456-00,2,AZURE,1
FUID-APPS4:00107-5120-10,2,"AZURE, GCP",2
FUID-SUSE:00378-6885-12,2,"AZURE, GCP",2
FUID-APPS4:00107-5116-11,2,"AZURE, GCP",2
FUID-F5:01411-5114-200,2,"AWS, GCP",2
FUID-LOADB:00351-14047-00,2,"AWS, AZURE",2
FUID-SUSE:00378-6889-15,2,"AZURE, GCP",2
FUID-MPHAS:03333-41979-00,2,"AWS, AZURE",2
FUID-PCLOU:00218-59248-00,2,AZURE,1
FUID-PCLOU:00218-61832-00,2,AZURE,1
FUID-SILVE:03805-14076-00,2,"AWS, AZURE",2
FUID-APPS4:00107-5163-12,2,"AZURE, GCP",2
FUID-TECHL:00545-5168-00,2,"AWS, GCP",2
FUID-APPS4:00107-5177-11,2,"AZURE, GCP",2
FUID-RINNE:02099-14113-9.4,2,"AWS, AZURE",2
FUID-RINNE:02099-14111-8.10,2,"AWS, AZURE",2
FUID-AODN:05359-23642-1,2,AWS,1
FUID-RINNE:02099-14108-9.4,2,"AWS, AZURE",2
FUID-TIDAL:00029-33206-8.4,2,AZURE,1
FUID-APPS4:00107-5213-12,2,"AZURE, GCP",2
FUID-CLOUD:00646-6818-00,2,"AWS, GCP",2
FUID-HANWE:02119-59331-5.4,2,AZURE,1
FUID-NOUSI:04091-51375-00,2,AZURE,1
FUID-APPS4:00107-5148-11,2,"AZURE, GCP",2
FUID-TECHL:00545-6858-00,2,"AWS, GCP",2
FUID-CISCO:01191-43430-00,2,AZURE,1
FUID-KCLOU:02068-59292-00,2,AZURE,1
FUID-PCLOU:00218-42657-00,2,AZURE,1
FUID-NASAP:05821-24454-00,2,AWS,1
FUID-NVIDI:00356-6294-00,2,"AZURE, GCP",2
FUID-PINDR:01887-6296-00,2,"AWS, GCP",2
FUID-PROSP:07890-32281-00,2,"AWS, AZURE",2
FUID-AVATA:01889-6301-00,2,"AZURE, GCP",2
FUID-MAMBU:01817-5935-00,2,"AZURE, GCP",2
FUID-ELMCO:00538-14850-20.04,2,"AWS, AZURE",2
FUID-JETWA:01134-14851-00,2,"AWS, AZURE",2
FUID-WORKF:01451-5908-00,2,"AWS, GCP",2
FUID-EJADA:01814-5930-00,2,"AZURE, GCP",2
FUID-TECHL:00545-6306-00,2,"AWS, GCP",2
FUID-APORI:01893-6308-00,2,"AZURE, GCP",2
FUID-BASET:01894-6309-00,2,"AWS, GCP",2
FUID-RINNE:02099-14861-8.9,2,"AWS, AZURE",2
FUID-RINNE:02099-14862-9.4,2,"AWS, AZURE",2
FUID-APPS4:00107-6315-11,2,"AZURE, GCP",2
FUID-HUGGI:01898-6317-00,2,"AWS, GCP",2
FUID-NVIDI:00356-32269-2022,2,"AWS, AZURE",2
FUID-DIFFU:01808-5912-00,2,"AWS, GCP",2
FUID-CONCE:04249-24146-00,2,"AWS, AZURE",2
FUID-ALPHA:01891-6304-00,2,"AWS, GCP",2
FUID-RANDO:03529-32945-00,2,"AWS, AZURE",2
FUID-HAZEL:01753-5537-00,2,"AZURE, GCP",2
FUID-YUGAB:00962-5536-00,2,"AWS, GCP",2
FUID-F5:01411-5160-10,2,"AWS, GCP",2
FUID-FR0NT:01404-5158-00,2,"AZURE, GCP",2
FUID-AMPLO:07794-31800-4.0,2,"AWS, AZURE",2
FUID-CARTO:00087-23551-2018,2,AWS,1
FUID-AUTOP:08071-33222-00,2,AZURE,1
FUID-BITNA:00344-4981-00,2,"AZURE, GCP",2
FUID-SOLVE:10520-43558-00,2,AZURE,1
FUID-APPS4:00107-4965-11,2,"AZURE, GCP",2
FUID-JUMPC:01656-4964-00,2,"AZURE, GCP",2
FUID-ORTUS:04049-43541-00,2,AZURE,1
FUID-RINNE:02099-14115-8.10,2,"AWS, AZURE",2
FUID-TETHE:07755-31689-00,2,AWS,1
FUID-F5:01411-5034-00,2,"AWS, GCP",2
FUID-SUSE:00378-6905-4.3,2,"AZURE, GCP",2
FUID-SUSE:00378-6906-4.3,2,"AZURE, GCP",2
FUID-CANON:01519-6908-20.04,2,"AWS, GCP",2
FUID-CANON:01519-6910-22.04,2,"AWS, GCP",2
FUID-GREML:01678-5082-00,2,"AWS, GCP",2
FUID-APPS4:00107-5080-11,2,"AZURE, GCP",2
FUID-RINNE:02099-14027-8.8,2,"AWS, AZURE",2
FUID-RINNE:02099-14026-9.3,2,"AWS, AZURE",2
FUID-F5:01411-5073-00,2,"AWS, GCP",2
FUID-RINNE:02099-14025-9.3,2,"AWS, AZURE",2
FUID-BLUEB:01668-5033-00,2,"AWS, GCP",2
FUID-株式会社シ:13318-51472-00,2,AZURE,1
FUID-INFRA:00476-5067-2022,2,"AWS, GCP",2
FUID-SONYS:10497-43487-00,2,AZURE,1
FUID-RINNE:02099-14020-9.2,2,"AWS, AZURE",2
FUID-INTAP:06335-50067-00,2,AZURE,1
FUID-APPS4:00107-5061-12,2,"AZURE, GCP",2
FUID-RINNE:02099-14012-8.8,2,"AWS, AZURE",2
FUID-KCLOU:02068-33347-00,2,AZURE,1
FUID-COGNO:01048-5048-20.04,2,"AZURE, GCP",2
FUID-INFRA:00476-4977-2022,2,"AWS, GCP",2
FUID-BANSI:02130-33402-00,2,AZURE,1
FUID-INFRA:00476-6830-24.04,2,"AZURE, GCP",2
FUID-PROVI:02008-6986-00,2,AZURE,1
FUID-PCLOU:00218-59317-00,2,AZURE,1
FUID-INFRA:00476-5188-20.04,2,"AWS, GCP",2
FUID-GRAPH:04057-14091-00,2,"AWS, AZURE",2
FUID-WORKS:01976-6836-vdi,2,"AWS, GCP",2
FUID-PCLOU:00218-59312-00,2,AZURE,1
FUID-BCLOU:00337-5181-00,2,"AZURE, GCP",2
FUID-PCLOU:00218-59309-00,2,AZURE,1
FUID-INFRA:00476-5179-20.04,2,"AWS, GCP",2
FUID-CHAIN:01685-5178-00,2,"AWS, GCP",2
FUID-UNITE:00959-23622-00,2,AWS,1
FUID-INFRA:00476-5099-2022,2,"AWS, GCP",2
FUID-BITNA:00344-5091-00,2,"AZURE, GCP",2
FUID-PRAGM:04250-15518-00,2,AWS,1
FUID-APPS4:00107-5028-11,2,"AZURE, GCP",2
FUID-ENV0:01667-5025-00,2,"AWS, GCP",2
FUID-KCLOU:02068-43521-00,2,AZURE,1
FUID-KCLOU:02068-43522-00,2,AZURE,1
FUID-F5:01411-5018-25,2,"AWS, GCP",2
FUID-APPS4:00107-5017-11,2,"AZURE, GCP",2
FUID-AODN:05359-24978-00,2,AWS,1
FUID-THEBI:06067-24980-00,2,AWS,1
FUID-COGNO:01048-43530-1.37,2,AZURE,1
FUID-ATHIN:02588-43534-00,2,AZURE,1
FUID-REDHA:01014-13994-00,2,AWS,1
FUID-BITNA:00344-5000-00,2,"AZURE, GCP",2
FUID-PHASE:07731-31661-00,2,"AWS, AZURE",2
FUID-PCLOU:00218-59160-00,2,AZURE,1
FUID-PARAT:01882-6285-e4,2,"AZURE, GCP",2
FUID-INFRA:00476-42617-00,2,AZURE,1
FUID-SOURC:01900-6320-00,2,"AWS, GCP",2
FUID-PCLOU:00218-59671-6,2,AZURE,1
FUID-BCLOU:00337-5658-00,2,"AZURE, GCP",2
FUID-CONTI:01109-5656-00,2,"AWS, GCP",2
FUID-CROWD:07966-32850-00,2,"AWS, AZURE",2
FUID-APPS4:00107-5650-20.04,2,"AZURE, GCP",2
FUID-BCLOU:00337-5649-00,2,"AZURE, GCP",2
FUID-SCALE:07967-32852-00,2,"AWS, AZURE",2
FUID-PCLOU:00218-59663-00,2,AZURE,1
FUID-PINEC:01768-5641-00,2,"AZURE, GCP",2
FUID-KCLOU:02068-26844-3.8,2,AZURE,1
FUID-INFRA:00476-5634-2019,2,"AWS, GCP",2
FUID-COCKR:01766-5632-00,2,"AWS, GCP",2
FUID-CUBEB:01303-5657-00,2,"AZURE, GCP",2
FUID-SONAT:04759-32708-00,2,"AWS, AZURE",2
FUID-PROCO:07871-32210-00,2,"AWS, AZURE",2
FUID-OPENE:08257-42548-41,2,AZURE,1
FUID-RINNE:02099-14759-10,2,"AWS, AZURE",2
FUID-PORTW:00468-6220-00,2,"AWS, GCP",2
FUID-SUPPO:02546-14762-11,2,"AWS, AZURE",2
FUID-INFRA:00476-6225-18.04,2,"AWS, GCP",2
FUID-INFRA:00476-6229-2022,2,"AWS, GCP",2
FUID-INFRA:00476-14775-2019,2,"AWS, AZURE",2
FUID-ESRI:02595-42905-00,2,AZURE,1
FUID-APPFL:12871-50784-00,2,AZURE,1
FUID-FRONT:18264-68149-00,2,AZURE,1
FUID-CLICD:01797-50794-00,2,AZURE,1
FUID-SEEQ:07936-32547-00,2,"AWS, AZURE",2
FUID-VOTIR:07937-32548-00,2,"AWS, AZURE",2
FUID-CONTI:01109-5701-00,2,"AWS, GCP",2
FUID-ANOMA:01772-5668-00,2,GCP,1
FUID-PREPN:05830-24435-00,2,AWS,1
FUID-INFRA:00476-5670-20.04,2,"AWS, GCP",2
FUID-AWARE:12548-50351-00,2,AZURE,1
FUID-APPS4:00107-5577-10,2,"AZURE, GCP",2
FUID-DELL:01357-5567-00,2,"AWS, GCP",2
FUID-HOSST:00723-32923-00,2,"AWS, AZURE",2
FUID-PERFO:01865-14319-11,2,"AWS, AZURE",2
FUID-HEIMD:01746-5557-00,2,"AWS, GCP",2
FUID-UNICO:18124-67860-00,2,AZURE,1
FUID-INAST:18545-68767-00,2,AZURE,1
FUID-BYTEB:01756-5551-00,2,"AWS, GCP",2
FUID-PCLOU:00218-33821-00,2,AZURE,1
FUID-TIDAL:00029-14315-20.04,2,"AWS, AZURE",2
FUID-TIDAL:00029-14314-20.04,2,"AWS, AZURE",2
FUID-SPOTI:13102-51131-00,2,AZURE,1
FUID-SOLAR:08551-42317-00,2,AZURE,1
FUID-PILLA:07980-32940-00,2,"AWS, AZURE",2
FUID-BITNA:00344-5542-00,2,"AZURE, GCP",2
FUID-CONTI:01109-5607-00,2,"AWS, GCP",2
FUID-CONTI:01109-5614-00,2,"AWS, GCP",2
FUID-SETER:15547-59645-00,2,AZURE,1
FUID-ITERA:07852-32089-00,2,AWS,1
FUID-MISTR:00982-6482-25.01,2,"AZURE, GCP",2
FUID-YUGAB:00962-5698-00,2,"AWS, GCP",2
FUID-APPS4:00107-5695-12,2,"AZURE, GCP",2
FUID-QUODD:06005-24598-00,2,AWS,1
FUID-ATHIN:02588-32118-00,2,"AWS, AZURE",2
FUID-SOUTH:00688-32835-00,2,"AWS, AZURE",2
FUID-INFRA:00476-5671-20.04,2,"AWS, GCP",2
FUID-SENKR:15657-60153-00,2,AZURE,1
FUID-PARAL:01839-5982-00,2,"AZURE, GCP",2
FUID-INFOI:01755-5540-16,2,"AWS, GCP",2
FUID-BITNA:00344-6202-00,2,"AZURE, GCP",2
FUID-ACCEN:00411-32453-00,2,"AWS, AZURE",2
FUID-HAIVI:01828-5964-00,2,"AWS, GCP",2
FUID-HAIVI:01828-5961-00,2,"AWS, GCP",2
FUID-ATEME:01827-5960-00,2,"AWS, GCP",2
FUID-VEZA:02815-50870-00,2,AZURE,1
FUID-TIDAL:00029-32261-20.04,2,"AWS, AZURE",2
FUID-TECHL:00545-6328-00,2,"AWS, GCP",2
FUID-PARKH:12942-50885-00,2,AZURE,1
FUID-SILVE:03805-14896-00,2,"AWS, AZURE",2
FUID-WORKF:01451-5882-00,2,"AWS, GCP",2
FUID-CLOUD:01634-14900-00,2,"AWS, AZURE",2
FUID-TRACE:01913-6345-00,2,"AWS, GCP",2
FUID-MAVEN:06421-60224-8,2,AZURE,1
FUID-ELECT:18411-68491-00,2,AZURE,1
FUID-ALCID:18390-68458-00,2,AZURE,1
FUID-MAVEN:06421-60226-Latest,2,AZURE,1
FUID-TAXAU:01803-5864-00,2,"AWS, GCP",2
FUID-VIDBY:01917-6355-00,2,GCP,1
FUID-RINNE:02099-14915-9.3,2,"AWS, AZURE",2
FUID-ENTRU:01558-32235-00,2,"AWS, AZURE",2
FUID-H2O:00477-6360-00,2,"AZURE, GCP",2
FUID-BEYON:07879-32232-00,2,"AWS, AZURE",2
FUID-APPS4:00107-6364-20.04,2,"AZURE, GCP",2
FUID-TECHL:00545-6372-00,2,"AWS, GCP",2
FUID-BCLOU:00337-6374-00,2,"AZURE, GCP",2
FUID-COMET:01899-6380-00,2,"AWS, GCP",2
FUID-ZABBI:03534-14908-00,2,"AWS, AZURE",2
FUID-PROCO:02218-14612-7,2,"AWS, AZURE",2
FUID-APPS4:00107-6200-20.04,2,"AZURE, GCP",2
FUID-PROCO:02218-14818-8.8,2,AWS,1
FUID-SMX:03410-14622-00,2,AWS,1
FUID-RINNE:02099-14819-8.10,2,"AWS, AZURE",2
FUID-ATEME:01827-5975-00,2,"AWS, GCP",2
FUID-AMAGI:01835-5974-00,2,"AWS, GCP",2
FUID-CONDU:01834-5973-00,2,"AWS, GCP",2
FUID-TIDAL:00029-14825-18.04,2,"AWS, AZURE",2
FUID-RINNE:02099-14756-8.6,2,"AWS, AZURE",2
FUID-HYCU:00007-6214-00,2,"AWS, GCP",2
FUID-INTER:04801-32355-00,2,"AWS, AZURE",2
FUID-APPS4:00107-6210-11,2,"AZURE, GCP",2
FUID-REDHA:01014-42824-00,2,AZURE,1
FUID-SUSE:00378-6128-00,2,"AZURE, GCP",2
FUID-SILVE:03805-14668-00,2,"AWS, AZURE",2
FUID-MULTI:01861-6122-00,2,"AWS, GCP",2
FUID-RINNE:02099-14662-9,2,"AWS, AZURE",2
FUID-PROCO:02218-14661-8,2,AWS,1
FUID-QUICK:01858-6110-00,2,"AWS, GCP",2
FUID-SILVE:03805-14697-00,2,"AWS, AZURE",2
FUID-SUSE:00378-6105-00,2,"AZURE, GCP",2
FUID-ACCEN:00411-32451-00,2,"AWS, AZURE",2
FUID-COMME:01879-6279-00,2,"AWS, GCP",2
FUID-RINNE:02099-14703-9.5,2,"AWS, AZURE",2
FUID-INTER:18315-68288-00,2,AZURE,1
FUID-TIDAL:00029-32385-10,2,"AWS, AZURE",2
FUID-APPS4:00107-6178-2016,2,"AZURE, GCP",2
FUID-APPS4:00107-6181-2016,2,"AZURE, GCP",2
FUID-BITNA:00344-6186-00,2,"AZURE, GCP",2
FUID-APPS4:00107-6190-2019,2,"AZURE, GCP",2
FUID-KCLOU:02068-43504-00,2,AZURE,1
FUID-HOSST:00723-13999-00,2,"AWS, AZURE",2
FUID-RINNE:02099-14024-9.3,2,"AWS, AZURE",2
FUID-DATAO:05420-21849-00,2,"AWS, AZURE",2
FUID-FINBI:11997-48598-00,2,AZURE,1
FUID-RINNE:02099-17525-8,2,"AWS, AZURE",2
FUID-KEENC:17087-65809-00,2,AZURE,1
FUID-TIDAL:00029-17532-2025,2,"AWS, AZURE",2
FUID-SAVIY:09892-39925-00,2,"AWS, AZURE",2
FUID-TIDAL:00029-8740-2016,2,"AWS, AZURE",2
FUID-EVERB:09891-39922-00,2,"AWS, AZURE",2
FUID-PCLOU:00218-62238-00,2,AZURE,1
FUID-BARRA:01161-21609-00,2,"AWS, AZURE",2
FUID-ZSCAL:01537-8747-00,2,"AWS, AZURE",2
FUID-AIKID:07312-29993-00,2,"AWS, AZURE",2
FUID-PORTN:08712-35546-00,2,AZURE,1
FUID-ATHIN:02588-26474-00,2,AZURE,1
FUID-INFRA:00476-35553-00,2,AZURE,1
FUID-QUALY:01200-8755-00,2,"AWS, AZURE",2
FUID-RINNE:02099-21595-8.8,2,"AWS, AZURE",2
FUID-OMNIS:08716-35561-00,2,"AWS, AZURE",2
FUID-IMGIX:01044-2463-00,2,"AWS, GCP",2
FUID-ANITI:04621-17565-00,2,AWS,1
FUID-CIRRU:08519-39889-00,2,"AWS, AZURE",2
FUID-LEAPW:08847-57237-00,2,AZURE,1
FUID-MIDDL:08066-65777-00,2,AZURE,1
FUID-RINNE:02099-17524-8.6,2,"AWS, AZURE",2
FUID-RINNE:02099-17523-9.4,2,"AWS, AZURE",2
FUID-RINNE:02099-17522-8.8,2,"AWS, AZURE",2
FUID-RINNE:02099-17521-9.4,2,"AWS, AZURE",2
FUID-INTEL:07315-30030-00,2,AWS,1
FUID-TIDAL:00029-21658-8,2,"AWS, AZURE",2
FUID-DATAI:00425-35309-00,2,"AWS, AZURE",2
FUID-RINNE:02099-21650-9.5,2,"AWS, AZURE",2
FUID-DATAE:08661-35335-00,2,AZURE,1
FUID-TIDAL:00029-8697-20.04,2,"AWS, AZURE",2
FUID-ATHIN:02588-35465-00,2,AZURE,1
FUID-SYNCP:02517-8599-6,2,AWS,1
FUID-INFRA:00476-8597-2019,2,"AWS, AZURE",2
FUID-SYNCP:02517-8595-6,2,AWS,1
FUID-APPS4:00107-45014-10,2,AZURE,1
FUID-APPSF:02723-8523-00,2,AWS,1
FUID-IBMSO:02537-8528-4.3,2,"AWS, AZURE",2
FUID-LIEBE:08648-35279-00,2,AZURE,1
FUID-NOWSE:05446-21817-00,2,"AWS, AZURE",2
FUID-PCLOU:00218-35296-00,2,AZURE,1
FUID-KCLOU:02068-57477-00,2,AZURE,1
FUID-NIHIL:11042-65982-00,2,AZURE,1
FUID-KCLOU:02068-62066-00,2,AZURE,1
FUID-KCLOU:02068-57471-00,2,AZURE,1
FUID-PCLOU:00218-62069-00,2,AZURE,1
FUID-TIDAL:00029-21661-10,2,"AWS, AZURE",2
FUID-KCLOU:02068-62070-00,2,AZURE,1
FUID-KCLOU:02068-57465-00,2,AZURE,1
FUID-LOGOS:15213-57460-00,2,AZURE,1
FUID-PCLOU:00218-57457-00,2,AZURE,1
FUID-MATIL:00780-8570-00,2,"AWS, AZURE",2
FUID-RESIL:03648-12566-00,2,"AWS, AZURE",2
FUID-ORTUS:04049-21791-00,2,"AWS, AZURE",2
FUID-ORTUS:04049-21789-00,2,"AWS, AZURE",2
FUID-KYLIG:02732-8577-00,2,"AWS, AZURE",2
FUID-SUPER:05438-21786-00,2,"AWS, AZURE",2
FUID-FIFTY:02706-21652-20.04,2,AWS,1
FUID-RINNE:02099-21648-9.2,2,"AWS, AZURE",2
FUID-DATAS:00447-8683-00,2,"AWS, AZURE",2
FUID-PROCO:02218-12793-8,2,AWS,1
FUID-ADSTR:05336-26104-00,2,AWS,1
FUID-KCLOU:02068-44788-00,2,AZURE,1
FUID-SEARC:19354-70882-00,2,AZURE,1
FUID-PCLOU:00218-61892-00,2,AZURE,1
FUID-ANARI:00406-2994-8.2.0,2,"AZURE, GCP",2
FUID-OPMED:05502-22008-00,2,"AWS, AZURE",2
FUID-APPS4:00107-2990-11,2,"AZURE, GCP",2
FUID-TAUS:05381-26139-00,2,AWS,1
FUID-3CX:01050-40354-00,2,"AWS, AZURE",2
FUID-INFRA:00476-35068-00,2,AZURE,1
FUID-PCLOU:00218-35069-00,2,AZURE,1
FUID-CODBE:02633-8322-00,2,AWS,1
FUID-CYWAR:02631-8320-00,2,"AWS, AZURE",2
FUID-AODN:05359-30398-1,2,AWS,1
FUID-CYWAR:02631-8318-00,2,"AWS, AZURE",2
FUID-YDATA:02611-8289-00,2,"AWS, AZURE",2
FUID-BCLOU:00337-34970-00,2,AZURE,1
FUID-OCUCO:12079-48947-3,2,AZURE,1
FUID-SOROC:10911-44749-00,2,AZURE,1
FUID-KOVAI:06509-44750-00,2,AZURE,1
FUID-DICOM:00973-34974-00,2,AZURE,1
FUID-VALAN:11159-70821-00,2,AZURE,1
FUID-HELIO:01101-3089-00,2,"AWS, GCP",2
FUID-BETSO:02614-8293-00,2,"AWS, AZURE",2
FUID-SQUID:01100-3087-00,2,"AWS, GCP",2
FUID-TARTA:07398-30338-00,2,"AWS, AZURE",2
FUID-MYCOM:02615-8294-00,2,AWS,1
FUID-ANARI:00406-3034-24,2,"AZURE, GCP",2
FUID-REDHA:01014-12795-00,2,AWS,1
FUID-LIQUI:04477-17487-00,2,"AWS, AZURE",2
FUID-PCLOU:00218-57726-00,2,AZURE,1
FUID-INFRA:00476-35485-00,2,AZURE,1
FUID-RINNE:02099-21645-8.7,2,"AWS, AZURE",2
FUID-RINNE:02099-21644-9.5,2,"AWS, AZURE",2
FUID-BANSI:02130-35490-12,2,AZURE,1
FUID-BAYER:02240-57298-00,2,AZURE,1
FUID-IBMSO:02537-30034-00,2,"AWS, AZURE",2
FUID-COHER:01124-26444-00,2,AZURE,1
FUID-INFRA:00476-35497-00,2,AZURE,1
FUID-THETA:06261-26450-00,2,AZURE,1
FUID-RELUT:03573-30014-00,2,"AWS, AZURE",2
FUID-APPSU:04613-17506-00,2,"AWS, AZURE",2
FUID-HOSST:00723-17509-00,2,"AWS, AZURE",2
FUID-ECLYP:04070-17511-00,2,"AWS, AZURE",2
FUID-RINNE:02099-21628-9.5,2,"AWS, AZURE",2
FUID-RINNE:02099-17517-8.6,2,"AWS, AZURE",2
FUID-RINNE:02099-17518-8.9,2,"AWS, AZURE",2
FUID-RINNE:02099-17520-9.4,2,"AWS, AZURE",2
FUID-LIANW:15171-57295-00,2,AZURE,1
FUID-IBMSO:02537-26501-00,2,"AWS, AZURE",2
FUID-HOSST:00723-8506-00,2,"AWS, AZURE",2
FUID-MINSA:00510-30229-00,2,"AWS, AZURE",2
FUID-PCLOU:00218-61850-00,2,AZURE,1
FUID-AKRID:05507-22055-00,2,"AWS, AZURE",2
FUID-DHIAS:08183-35010-00,2,AZURE,1
FUID-SONAT:04759-35013-00,2,AZURE,1
FUID-PCLOU:00218-57730-00,2,AZURE,1
FUID-ANTAR:12368-70865-00,2,AZURE,1
FUID-KCLOU:02068-35454-00,2,AZURE,1
FUID-PCLOU:00218-62181-00,2,AZURE,1
FUID-UNIFY:08604-59136-00,2,AZURE,1
FUID-ALERT:13111-51141-00,2,AZURE,1
FUID-PCLOU:00218-42294-00,2,AZURE,1
FUID-APPS4:00107-5515-11,2,"AZURE, GCP",2
FUID-SONAT:03470-51156-00,2,AZURE,1
FUID-HEIMD:01746-5507-00,2,"AWS, GCP",2
FUID-GEVER:05612-32972-00,2,"AWS, AZURE",2
FUID-INFRA:00476-5504-20.04,2,"AWS, GCP",2
FUID-WHIZ:04727-33059-00,2,AZURE,1
FUID-SOCIA:12518-50305-00,2,AZURE,1
FUID-RINNE:02099-14268-9.2,2,"AWS, AZURE",2
FUID-RINNE:02099-14266-9.3,2,"AWS, AZURE",2
FUID-INTER:04801-31982-00,2,"AWS, AZURE",2
FUID-REDHA:01014-43239-00,2,AZURE,1
FUID-RACKW:01724-5466-00,2,"AZURE, GCP",2
FUID-INFRA:00476-42249-00,2,AZURE,1
FUID-INFRA:00476-5458-2016,2,"AWS, GCP",2
FUID-COSMI:01707-5457-9,2,"AWS, GCP",2
FUID-COSMI:01707-5456-24.04,2,"AWS, GCP",2
FUID-TRASK:03931-59515-00,2,AZURE,1
FUID-ATHIN:02588-32004-00,2,AWS,1
FUID-ECLYP:04070-14220-00,2,"AWS, AZURE",2
FUID-INFRA:00476-5383-2022,2,"AWS, GCP",2
FUID-OPENV:01718-5382-00,2,"AZURE, GCP",2
FUID-COGNO:01048-68943-00,2,AZURE,1
FUID-COSMI:01707-5317-24.04,2,"AWS, GCP",2
FUID-SOFTW:13225-51288-00,2,AZURE,1
FUID-PCLOU:00218-59419-00,2,AZURE,1
FUID-COGNO:01048-6737-18.04,2,"AZURE, GCP",2
FUID-NOAAP:05803-24696-00,2,AWS,1
FUID-SMINT:13107-51137-00,2,AZURE,1
FUID-PCLOU:00218-59417-00,2,AZURE,1
FUID-BITNA:00344-5534-00,2,"AZURE, GCP",2
FUID-APPDY:01691-5231-00,2,"AZURE, GCP",2
FUID-UCBOS:05722-31823-00,2,"AWS, AZURE",2
FUID-INFRA:00476-5444-2019,2,"AWS, GCP",2
FUID-AVESH:06938-31966-00,2,"AWS, AZURE",2
FUID-COSMI:01707-5442-9,2,"AWS, GCP",2
FUID-COMMV:00825-5437-00,2,"AWS, GCP",2
FUID-HOSST:00723-31961-00,2,"AWS, AZURE",2
FUID-HOSST:00723-31960-00,2,"AWS, AZURE",2
FUID-MEDIA:01733-5433-2023,2,"AZURE, GCP",2
FUID-SILVE:01345-5432-00,2,"AZURE, GCP",2
FUID-JET:01732-5428-00,2,"AZURE, GCP",2
FUID-PERFO:15725-60482-00,2,AZURE,1
FUID-KCLOU:02068-59493-00,2,AZURE,1
FUID-C2LBI:16459-68872-00,2,AZURE,1
FUID-ROOTL:04072-14234-00,2,"AWS, AZURE",2
FUID-KCLOU:02068-59488-00,2,AZURE,1
FUID-VERIT:03837-43265-00,2,"AWS, AZURE",2
FUID-ARRAY:01193-5408-00,2,"AWS, GCP",2
FUID-PANZU:00792-5404-8.5.1,2,"AZURE, GCP",2
FUID-KEYSI:01725-5403-00,2,"AZURE, GCP",2
FUID-INFRA:00476-5401-2019,2,"AWS, GCP",2
FUID-PCLOU:00218-59481-00,2,AZURE,1
FUID-TECHL:00545-5398-00,2,"AWS, GCP",2
FUID-INFRA:00476-5448-20.04,2,"AWS, GCP",2
FUID-INFRA:00476-5450-22.04,2,"AWS, GCP",2
FUID-ANTIM:07829-31970-00,2,AWS,1
FUID-INFRA:00476-5453-2022,2,"AWS, GCP",2
FUID-CODER:01694-5304-2,2,"AWS, GCP",2
FUID-STREA:04066-14167-00,2,"AWS, AZURE",2
FUID-KCLOU:02068-35444-00,2,AZURE,1
FUID-KYNET:12479-50224-00,2,AZURE,1
FUID-NETAP:00376-5351-00,2,"AZURE, GCP",2
FUID-FLUEN:13205-51262-00,2,AZURE,1
FUID-COLLA:13209-51266-00,2,AZURE,1
FUID-INFRA:00476-5342-22.04,2,"AWS, GCP",2
FUID-SAFES:01712-5339-00,2,"AZURE, GCP",2
FUID-SCUBA:04302-15316-00,2,"AWS, AZURE",2
FUID-PCLOU:00218-33097-00,2,AZURE,1
FUID-HARDE:03811-14188-8,2,AWS,1
FUID-PERFO:01865-14198-10,2,"AWS, AZURE",2
FUID-JINA:01884-22621-2,2,"AWS, AZURE",2
FUID-TEMPO:01424-4063-00,2,"AWS, GCP",2
FUID-BRIA:05188-21946-00,2,AWS,1
FUID-PCLOU:00218-62102-00,2,AZURE,1
FUID-KCLOU:02068-35364-00,2,AZURE,1
FUID-OCTOP:12023-48684-00,2,AZURE,1
FUID-KCLOU:02068-62115-00,2,AZURE,1
FUID-APPS4:00107-35373-2204,2,AZURE,1
FUID-NAVAN:08669-35376-00,2,AZURE,1
FUID-LUMIN:05801-26359-00,2,AWS,1
FUID-CONTR:06538-48665-00,2,AZURE,1
FUID-KCLOU:02068-62148-00,2,AZURE,1
FUID-SECBE:05410-21711-00,2,AWS,1
FUID-INFRA:00476-26392-00,2,AZURE,1
FUID-SOUTH:00688-35425-00,2,"AWS, AZURE",2
FUID-PCLOU:00218-62180-00,2,AZURE,1
FUID-HOSST:00723-8680-00,2,"AWS, AZURE",2
FUID-AGILE:08688-35443-00,2,AZURE,1
FUID-GITHU:01384-43302-00,2,AZURE,1
FUID-PERFO:01865-14199-10,2,"AWS, AZURE",2
FUID-UCBOS:05722-31872-00,2,"AWS, AZURE",2
FUID-INFRA:00476-5329-2022,2,"AWS, GCP",2
FUID-TDENG:08051-33136-00,2,"AWS, AZURE",2
FUID-NVIDI:00356-5325-9,2,"AZURE, GCP",2
FUID-MIRAN:01608-31869-2022,2,"AWS, AZURE",2
FUID-WEATH:06043-24841-00,2,AWS,1
FUID-KCLOU:02068-43358-00,2,AZURE,1
FUID-PONEB:15738-60584-00,2,AZURE,1
FUID-ONESO:04528-31840-00,2,AWS,1
FUID-SOCIA:10462-43370-00,2,AZURE,1
FUID-STEAL:06511-43373-00,2,AZURE,1
FUID-HOSST:00723-14129-00,2,"AWS, AZURE",2
FUID-TIDAL:00029-14122-8,2,"AWS, AZURE",2
FUID-TIDAL:00029-14121-10,2,"AWS, AZURE",2
FUID-MPHAS:03333-42082-00,2,"AWS, AZURE",2
FUID-MIRAN:01608-31868-2019,2,"AWS, AZURE",2
FUID-TIDAL:00029-14120-10,2,"AWS, AZURE",2
FUID-COGNO:01048-33106-16.04,2,AZURE,1
FUID-VISIO:01968-6722-00,2,"AWS, GCP",2
FUID-COSMI:01707-5379-9,2,"AWS, GCP",2
FUID-MEMVE:01129-5378-00,2,"AWS, GCP",2
FUID-DIZZI:01722-5376-00,2,"AWS, GCP",2
FUID-ONCOR:01721-5374-00,2,"AZURE, GCP",2
FUID-INFRA:00476-68904-20.10,2,AZURE,1
FUID-COGNO:01048-67295-2019,2,AZURE,1
FUID-OPENV:01718-5363-00,2,"AZURE, GCP",2
FUID-INFRA:00476-5361-18.04,2,"AWS, GCP",2
FUID-INFRA:00476-5360-00,2,"AZURE, GCP",2
FUID-WEAVI:08030-33080-00,2,AZURE,1
FUID-ACCER:04734-18061-00,2,"AWS, AZURE",2
